won,queue,batch
1,x1,m01
2,x1,m02
3,x1,m03
5,abu,m04
6,x1,m05
7,x1,m06
8,x1,m07
9,x1,m08
10,x1,m09
50,apj,m10
51,apj,m11
54,x1,m12
55,x1,m13
57,abu,m14
82,abu,m15
83,abu,m16
84,abu,m17
85,abu,m18
86,abu,m19
87,abu,m20
88,abu,m21
89,abu,m22
90,abu,m23
91,abu,m24
92,abu,m25
93,abu,m26
94,abu,m27
96,abu,m28
97,abu,m29
98,abu,m30
99,abu,m31
100,abu,m32
101,abu,m33
102,abu,m34
103,abu,m35
104,x1,m36
105,apj,m37
106,abu,m38
107,abu,m39
108,x1,m40
109,abu,m41
110,x1,m42
111,x1,m43
112,x1,m44
113,abu,m45
114,abu,m46
115,abu,m47
116,abu,m48
117,abu,m49
118,abu,m50
119,abu,m51
120,abu,m52
121,abu,m53
122,abu,m54
123,abu,m55
124,x1,m56
126,x1,m57
127,abu,m58
128,x1,m59
129,x1,m60
130,x1,m61
131,x1,m62
132,x1,m63
133,x1,m64
134,x1,m65
135,x1,m66
136,abu,m67
137,abu,m68
138,abu,m69
139,abu,m70
140,abu,m71
141,abu,m72
142,abu,m73
143,abu,m74
144,abu,m75
145,abu,m76
146,abu,m77
147,abu,m78
148,abu,m79
149,abu,m80
150,abu,m81
151,abu,m82
152,abu,m83
153,abu,m84
154,abu,m85
155,abu,m86
157,abu,m87
158,abu,m88
159,abu,m89
161,abu,m90
162,abu,m91
163,abu,m92
164,abu,m93
165,abu,m94
166,abu,m95
167,abu,m96
168,abu,m97
169,abu,m98
170,abu,m99
171,abu,m100
172,abu,m101
173,abu,m102
174,abu,m103
175,abu,m104
176,abu,m105
177,abu,m106
178,abu,m107
179,abu,m108
180,abu,m109
181,abu,m110
182,abu,m111
183,abu,m112
184,abu,m113
185,abu,m114
186,abu,m115
187,abu,m116
188,abu,m117
189,abu,m118
190,abu,m119
191,abu,m120
192,abu,m121
193,abu,m122
194,abu,m123
195,abu,m124
196,abu,m125
197,abu,m126
198,abu,m127
199,abu,m128
200,abu,m129
202,abu,m130
203,abu,m131
204,abu,m132
205,abu,m133
206,abu,m134
207,abu,m135
208,abu,m136
209,abu,m137
210,abu,m138
212,abu,m139
213,abu,m140
214,abu,m141
215,abu,m142
216,abu,m143
217,abu,m144
218,abu,m145
219,abu,m146
220,abu,m147
221,abu,m148
222,abu,m149
224,abu,m150
226,abu,m151
227,abu,m152
228,abu,m153
229,abu,m154
230,x1,m155
231,x1,m156
232,abu,m157
233,x1,m158
234,abu,m159
235,abu,m160
236,abu,m161
238,abu,m162
239,abu,m163
241,abu,m164
242,abu,m165
243,abu,m166
244,abu,m167
245,abu,m168
247,abu,m169
248,abu,m170
249,abu,m171
250,abu,m172
251,abu,m173
252,abu,m174
253,x1,m175
254,x1,m176
256,x1,m177
257,abu,m178
258,abu,m179
259,abu,m180
260,abu,m181
261,abu,m182
262,abu,m183
263,abu,m184
264,abu,m185
265,abu,m186
266,abu,m187
267,abu,m188
268,abu,m189
269,abu,m190
270,abu,m191
271,abu,m192
272,abu,m193
273,abu,m194
274,abu,m195
275,abu,m196
276,abu,m197
277,abu,m198
278,abu,m199
279,apj,m200
280,x1,m201
281,x1,m202
282,apj,m203
283,abu,m204
284,x1,m205
285,x1,m206
286,abu,m207
287,abu,m208
288,abu,m209
289,abu,m210
291,abu,m211
292,abu,m212
293,abu,m213
294,abu,m214
295,abu,m215
296,abu,m216
297,abu,m217
298,abu,m218
299,abu,m219
300,abu,m220
301,abu,m221
302,abu,m222
303,abu,m223
304,abu,m224
305,abu,m225
306,abu,m226
307,abu,m227
308,abu,m228
309,abu,m229
310,abu,m230
311,abu,m231
312,abu,m232
313,abu,m233
314,abu,m234
315,abu,m235
316,abu,m236
317,abu,m237
318,abu,m238
319,abu,m239
320,abu,m240
321,abu,m241
322,abu,m242
323,abu,m243
324,abu,m244
325,abu,m245
326,abu,m246
327,abu,m247
328,abu,m248
329,abu,m249
330,abu,m250
331,abu,m251
332,abu,m252
333,abu,m253
334,abu,m254
335,abu,m255
336,abu,m256
337,abu,m257
338,abu,m258
339,abu,m259
340,abu,m260
341,abu,m261
342,abu,m262
343,abu,m263
344,abu,m264
345,abu,m265
346,abu,m266
347,x1,m267
348,abu,m268
349,x1,m269
351,abu,m270
352,abu,m271
353,abu,m272
354,abu,m273
355,abu,m274
356,abu,m275
357,abu,m276
358,abu,m277
359,abu,m278
360,abu,m279
362,abu,m280
363,abu,m281
364,abu,m282
365,abu,m283
366,abu,m284
367,abu,m285
368,abu,m286
369,abu,m287
370,abu,m288
371,abu,m289
372,abu,m290
375,abu,m291
376,abu,m292
377,abu,m293
378,abu,m294
379,abu,m295
380,abu,m296
381,abu,m297
382,abu,m298
383,abu,m299
384,abu,m300
385,abu,m301
386,abu,m302
387,abu,m303
388,abu,m304
389,abu,m305
390,abu,m306
391,apj,m307
392,apj,m308
393,abu,m309
394,abu,m310
395,abu,m311
396,abu,m312
397,abu,m313
398,abu,m314
399,abu,m315
400,abu,m316
401,abu,m317
402,abu,m318
403,abu,m319
404,abu,m320
405,abu,m321
406,abu,m322
407,abu,m323
408,abu,m324
409,abu,m325
411,abu,m326
412,abu,m327
413,apj,m328
414,apj,m329
416,x1,m330
417,apj,m331
420,x1,m332
421,x1,m333
422,apj,m334
423,apj,m335
424,apj,m336
425,x1,m337
426,x1,m338
427,x1,m339
428,x1,m340
429,x1,m341
430,x1,m342
431,x1,m343
432,abu,m344
433,abu,m345
434,abu,m346
435,abu,m347
436,abu,m348
437,abu,m349
438,abu,m350
439,abu,m351
440,abu,m352
441,abu,m353
442,abu,m354
443,abu,m355
446,abu,m356
448,apj,m357
449,x1,m358
450,apj,m359
451,apj,m360
452,apj,m361
453,x1,m362
454,x1,m363
455,apj,m364
456,apj,m365
457,apj,m366
458,apj,m367
459,apj,m368
460,apj,m369
461,apj,m370
462,x1,m371
463,apj,m372
464,x1,m373
465,x1,m374
466,x1,m375
467,x1,m376
468,abu,m377
469,abu,m378
470,apj,m379
471,abu,m380
472,abu,m381
473,abu,m382
474,abu,m383
475,abu,m384
476,abu,m385
477,abu,m386
478,abu,m387
479,abu,m388
480,abu,m389
481,abu,m390
482,abu,m391
483,abu,m392
484,abu,m393
485,abu,m394
486,abu,m395
487,abu,m396
488,abu,m397
489,abu,m398
490,abu,m399
492,x1,m400
493,apj,m401
494,apj,m402
495,apj,m403
496,apj,m404
497,apj,m405
498,apj,m406
499,x1,m407
500,x1,m408
501,x1,m409
502,x1,m410
503,x1,m411
504,apj,m412
505,apj,m413
506,apj,m414
508,x1,m415
509,x1,m416
510,abu,m417
511,x1,m418
512,x1,m419
513,x1,m420
514,x1,m421
515,abu,m422
516,x1,m423
517,abu,m424
518,abu,m425
519,abu,m426
520,abu,m427
521,abu,m428
522,abu,m429
523,abu,m430
524,abu,m431
525,abu,m432
526,abu,m433
527,abu,m434
528,abu,m435
529,abu,m436
530,abu,m437
531,abu,m438
532,abu,m439
533,abu,m440
534,abu,m441
535,abu,m442
536,abu,m443
537,abu,m444
538,abu,m445
539,abu,m446
540,apj,m447
541,abu,m448
542,abu,m449
543,abu,m450
544,x1,m451
545,apj,m452
546,apj,m453
547,x1,m454
548,x1,m455
549,x1,m456
550,x1,m457
551,x1,m458
552,x1,m459
553,x1,m460
554,x1,m461
555,x1,m462
556,x1,m463
557,apj,m464
558,apj,m465
559,x1,m466
560,apj,m467
561,abu,m468
562,abu,m469
564,abu,m470
565,abu,m471
566,abu,m472
567,abu,m473
568,abu,m474
569,abu,m475
570,abu,m476
571,abu,m477
572,abu,m478
573,abu,m479
574,x1,m480
575,apj,m481
576,apj,m482
577,abu,m483
578,apj,m484
579,x1,m485
580,apj,m486
581,x1,m487
582,apj,m488
583,apj,m489
584,apj,m490
585,abu,m491
586,abu,m492
587,abu,m493
588,abu,m494
589,abu,m495
590,abu,m496
591,abu,m497
592,abu,m498
593,abu,m499
594,abu,m500
595,abu,m501
597,abu,m502
598,abu,m503
600,abu,m504
602,apj,m505
603,apj,m506
605,apj,m507
606,apj,m508
607,x1,m509
608,x1,m510
610,abu,m511
611,abu,m512
612,abu,m513
613,abu,m514
614,abu,m515
615,abu,m516
616,abu,m517
617,abu,m518
618,abu,m519
619,abu,m520
620,x1,m521
621,x1,m522
622,apj,m523
623,apj,m524
624,x1,m525
625,apj,m526
626,x1,m527
627,x1,m528
628,apj,m529
629,x1,m530
630,apj,m531
631,x1,m532
632,x1,m533
633,x1,m534
634,abu,m535
635,abu,m536
636,abu,m537
637,abu,m538
638,abu,m539
639,abu,m540
640,abu,m541
641,abu,m542
642,abu,m543
643,abu,m544
644,abu,m545
645,abu,m546
646,abu,m547
647,abu,m548
648,abu,m549
649,abu,m550
650,abu,m551
651,abu,m552
652,abu,m553
653,abu,m554
654,abu,m555
655,abu,m556
656,abu,m557
657,abu,m558
658,abu,m559
659,abu,m560
660,apj,m561
661,abu,m562
662,apj,m563
663,apj,m564
664,abu,m565
665,apj,m566
666,apj,m567
667,apj,m568
668,x1,m569
669,x1,m570
670,apj,m571
674,x1,m572
675,x1,m573
676,x1,m574
677,x1,m575
678,x1,m576
679,x1,m577
681,abu,m578
682,abu,m579
683,abu,m580
684,abu,m581
685,abu,m582
686,abu,m583
687,abu,m584
688,abu,m585
689,abu,m586
690,abu,m587
691,abu,m588
692,abu,m589
693,abu,m590
694,abu,m591
695,abu,m592
696,apj,m593
697,apj,m594
698,x1,m595
699,apj,m596
700,x1,m597
701,x1,m598
702,apj,m599
703,apj,m600
704,x1,m601
705,x1,m602
706,apj,m603
707,apj,m604
708,x1,m605
709,abu,m606
710,x1,m607
711,x1,m608
713,x1,m609
714,x1,m610
715,abu,m611
716,abu,m612
717,abu,m613
718,abu,m614
719,abu,m615
720,abu,m616
721,abu,m617
722,abu,m618
723,abu,m619
724,abu,m620
725,abu,m621
726,abu,m622
727,abu,m623
728,abu,m624
729,abu,m625
730,apj,m626
731,abu,m627
732,apj,m628
733,x1,m629
734,apj,m630
735,apj,m631
736,x1,m632
737,apj,m633
738,x1,m634
739,apj,m635
740,apj,m636
741,x1,m637
742,x1,m638
743,x1,m639
744,apj,m640
745,apj,m641
746,x1,m642
747,apj,m643
748,x1,m644
749,apj,m645
750,x1,m646
751,apj,m647
752,x1,m648
753,apj,m649
754,x1,m650
755,x1,m651
756,x1,m652
757,abu,m653
758,x1,m654
759,abu,m655
760,abu,m656
761,abu,m657
762,abu,m658
763,abu,m659
764,abu,m660
765,abu,m661
766,abu,m662
767,abu,m663
768,abu,m664
769,x1,m665
770,x1,m666
771,x1,m667
772,abu,m668
773,abu,m669
774,x1,m670
776,abu,m671
777,abu,m672
778,apj,m673
779,apj,m674
780,apj,m675
781,apj,m676
782,apj,m677
783,x1,m678
784,apj,m679
785,x1,m680
786,x1,m681
787,x1,m682
788,x1,m683
789,x1,m684
790,x1,m685
791,x1,m686
792,apj,m687
793,x1,m688
794,x1,m689
795,x1,m690
796,x1,m691
797,abu,m692
798,x1,m693
799,x1,m694
800,x1,m695
801,abu,m696
802,x1,m697
803,abu,m698
804,x1,m699
805,abu,m700
806,abu,m701
807,x1,m702
808,abu,m703
809,abu,m704
810,abu,m705
811,abu,m706
812,abu,m707
813,abu,m708
814,abu,m709
815,abu,m710
816,abu,m711
817,x1,m712
818,x1,m713
819,x1,m714
820,x1,m715
821,x1,m716
822,x1,m717
823,x1,m718
824,x1,m719
825,x1,m720
826,x1,m721
827,x1,m722
828,abu,m723
829,abu,m724
830,abu,m725
831,abu,m726
832,abu,m727
833,abu,m728
834,abu,m729
835,abu,m730
836,abu,m731
837,abu,m732
838,abu,m733
839,abu,m734
840,abu,m735
841,abu,m736
842,abu,m737
843,abu,m738
844,abu,m739
845,abu,m740
846,abu,m741
847,abu,m742
848,abu,m743
849,abu,m744
850,abu,m745
851,abu,m746
852,abu,m747
853,abu,m748
854,abu,m749
855,x1,m750
856,x1,m751
857,x1,m752
858,x1,m753
859,x1,m754
860,abu,m755
861,abu,m756
862,x1,m757
863,abu,m758
864,abu,m759
865,abu,m760
866,abu,m761
867,abu,m762
868,abu,m763
869,abu,m764
870,abu,m765
871,abu,m766
872,abu,m767
873,abu,m768
874,abu,m769
875,abu,m770
876,abu,m771
877,abu,m772
878,abu,m773
879,abu,m774
880,abu,m775
882,x1,m776
883,x1,m777
884,x1,m778
885,x1,m779
886,x1,m780
887,x1,m781
888,x1,m782
889,x1,m783
890,x1,m784
891,x1,m785
892,x1,m786
893,x1,m787
894,x1,m788
895,x1,m789
896,x1,m790
897,x1,m791
898,x1,m792
899,x1,m793
900,x1,m794
901,x1,m795
902,x1,m796
903,x1,m797
904,x1,m798
905,x1,m799
906,x1,m800
907,x1,m801
908,x1,m802
910,x1,m803
912,x1,m804
913,x1,m805
914,x1,m806
915,x1,m807
916,x1,m808
917,x1,m809
918,apj,m810
919,x1,m811
920,x1,m812
921,x1,m813
922,x1,m814
923,abu,m815
924,abu,m816
925,abu,m817
926,abu,m818
927,abu,m819
928,abu,m820
929,abu,m821
930,abu,m822
931,abu,m823
932,abu,m824
933,abu,m825
934,abu,m826
935,abu,m827
936,abu,m828
937,abu,m829
940,abu,m830
941,abu,m831
942,abu,m832
943,abu,m833
944,abu,m834
945,x1,m835
946,x1,m836
947,apj,m837
948,x1,m838
949,apj,m839
950,x1,m840
951,x1,m841
952,apj,m842
953,x1,m843
954,apj,m844
955,abu,m845
957,apj,m846
958,apj,m847
959,x1,m848
960,abu,m849
961,abu,m850
962,abu,m851
963,abu,m852
964,abu,m853
965,abu,m854
966,abu,m855
967,abu,m856
968,abu,m857
969,abu,m858
970,abu,m859
971,abu,m860
972,abu,m861
973,abu,m862
974,abu,m863
975,abu,m864
976,abu,m865
977,abu,m866
978,abu,m867
979,abu,m868
980,apj,m869
981,abu,m870
982,abu,m871
983,abu,m872
984,abu,m873
985,abu,m874
986,apj,m875
987,apj,m876
988,apj,m877
989,apj,m878
990,apj,m879
991,apj,m880
992,apj,m881
993,apj,m882
994,apj,m883
995,apj,m884
996,apj,m885
997,apj,m886
998,abu,m887
999,abu,m888
1000,abu,m889
1001,abu,m890
1002,abu,m891
1003,apj,m892
1004,apj,m893
1005,apj,m894
1006,abu,m895
1007,abu,m896
1008,abu,m897
1009,abu,m898
1010,abu,m899
1011,abu,m900
1012,abu,m901
1013,abu,m902
1014,abu,m903
1015,abu,m904
1016,abu,m905
1017,abu,m906
1018,abu,m907
1019,abu,m908
1020,abu,m909
1021,abu,m910
1022,abu,m911
1023,abu,m912
1024,abu,m913
1025,apj,m914
1026,apj,m915
1027,apj,m916
1028,apj,m917
1029,apj,m918
1030,apj,m919
1031,apj,m920
1032,apj,m921
1033,abu,m922
1034,abu,m923
1035,abu,m924
1036,abu,m925
1038,abu,m926
1039,abu,m927
1040,abu,m928
1041,abu,m929
1042,abu,m930
1043,abu,m931
1044,abu,m932
1045,abu,m933
1046,abu,m934
1047,abu,m935
1048,abu,m936
1049,abu,m937
1050,abu,m938
1051,abu,m939
1052,abu,m940
1053,abu,m941
1054,abu,m942
1055,abu,m943
1056,abu,m944
1057,abu,m945
1058,abu,m946
1059,apj,m947
1060,apj,m948
1061,apj,m949
1062,apj,m950
1063,apj,m951
1064,apj,m952
1065,apj,m953
1066,apj,m954
1067,apj,m955
1068,apj,m956
1069,apj,m957
1070,apj,m958
1071,x1,m959
1072,abu,m960
1073,abu,m961
1074,abu,m962
1075,abu,m963
1076,abu,m964
1077,abu,m965
1078,abu,m966
1079,abu,m967
1080,abu,m968
1081,abu,m969
1082,abu,m970
1083,abu,m971
1084,abu,m972
1085,abu,m973
1086,abu,m974
1087,abu,m975
1088,abu,m976
1089,abu,m977
1090,abu,m978
1091,abu,m979
1092,apj,m980
1093,apj,m981
1094,apj,m982
1095,apj,m983
1096,apj,m984
1097,apj,m985
1098,apj,m986
1099,apj,m987
1100,abu,m988
1101,abu,m989
1102,abu,m990
1103,abu,m991
1104,abu,m992
1105,abu,m993
1106,abu,m994
1107,abu,m995
1108,abu,m996
1109,abu,m997
1110,abu,m998
1111,abu,m999
1112,abu,m1000
1113,abu,m1001
1114,abu,m1002
1115,abu,m1003
1116,abu,m1004
1117,abu,m1005
1118,abu,m1006
1119,apj,m1007
1120,apj,m1008
1121,apj,m1009
1122,apj,m1010
1123,x1,m1011
1124,x1,m1012
1125,x1,m1013
1126,apj,m1014
1127,apj,m1015
1128,x1,m1016
1129,x1,m1017
1130,apj,m1018
1131,apj,m1019
1132,x1,m1020
1133,x1,m1021
1134,apj,m1022
1135,x1,m1023
1136,abu,m1024
1137,abu,m1025
1138,abu,m1026
1139,abu,m1027
1140,abu,m1028
1141,abu,m1029
1142,abu,m1030
1143,abu,m1031
1144,abu,m1032
1145,abu,m1033
1146,abu,m1034
1147,abu,m1035
1148,abu,m1036
1149,abu,m1037
1150,abu,m1038
1151,abu,m1039
1152,abu,m1040
1153,abu,m1041
1154,abu,m1042
1155,abu,m1043
1156,abu,m1044
1157,abu,m1045
1158,abu,m1046
1159,abu,m1047
1160,abu,m1048
1161,abu,m1049
1162,apj,m1050
1163,apj,m1051
1164,apj,m1052
1165,apj,m1053
1166,apj,m1054
1167,apj,m1055
1168,x1,m1056
1169,x1,m1057
1170,x1,m1058
1171,apj,m1059
1172,x1,m1060
1173,x1,m1061
1174,apj,m1062
1175,apj,m1063
1176,apj,m1064
1177,x1,m1065
1178,x1,m1066
1179,x1,m1067
1180,x1,m1068
1181,x1,m1069
1182,abu,m1070
1183,x1,m1071
1184,abu,m1072
1185,abu,m1073
1186,abu,m1074
1187,abu,m1075
1188,abu,m1076
1189,abu,m1077
1190,abu,m1078
1192,abu,m1079
1193,abu,m1080
1194,abu,m1081
1195,abu,m1082
1196,apj,m1083
1197,apj,m1084
1198,apj,m1085
1199,x1,m1086
1200,x1,m1087
1201,x1,m1088
1202,x1,m1089
1203,x1,m1090
1204,apj,m1091
1206,x1,m1092
1207,abu,m1093
1208,abu,m1094
1209,abu,m1095
1210,abu,m1096
1211,apj,m1097
1212,apj,m1098
1213,apj,m1099
1214,apj,m1100
1215,apj,m1101
1216,apj,m1102
1217,x1,m1103
1218,apj,m1104
1219,apj,m1105
1220,x1,m1106
1221,x1,m1107
1222,x1,m1108
1223,x1,m1109
1224,abu,m1110
1225,abu,m1111
1226,abu,m1112
1227,abu,m1113
1228,abu,m1114
1229,abu,m1115
1230,abu,m1116
1231,abu,m1117
1233,abu,m1118
1235,abu,m1119
1236,abu,m1120
1237,abu,m1121
1238,abu,m1122
1239,abu,m1123
1240,abu,m1124
1241,abu,m1125
1242,abu,m1126
1243,abu,m1127
1245,apj,m1128
1246,apj,m1129
1247,apj,m1130
1248,x1,m1131
1249,x1,m1132
1250,apj,m1133
1251,apj,m1134
1252,x1,m1135
1253,apj,m1136
1254,apj,m1137
1255,x1,m1138
1256,apj,m1139
1257,x1,m1140
1258,x1,m1141
1259,x1,m1142
1260,x1,m1143
1261,x1,m1144
1262,abu,m1145
1263,abu,m1146
1264,abu,m1147
1265,abu,m1148
1266,abu,m1149
1267,abu,m1150
1268,abu,m1151
1269,abu,m1152
1270,abu,m1153
1271,abu,m1154
1272,abu,m1155
1273,abu,m1156
1274,abu,m1157
1275,abu,m1158
1276,abu,m1159
1277,abu,m1160
1278,abu,m1161
1279,apj,m1162
1280,apj,m1163
1281,apj,m1164
1282,x1,m1165
1283,apj,m1166
1284,apj,m1167
1285,x1,m1168
1286,apj,m1169
1287,apj,m1170
1288,x1,m1171
1289,apj,m1172
1290,apj,m1173
1291,apj,m1174
1292,x1,m1175
1293,apj,m1176
1294,apj,m1177
1295,apj,m1178
1296,apj,m1179
1297,apj,m1180
1298,apj,m1181
1299,apj,m1182
1300,apj,m1183
1301,apj,m1184
1302,apj,m1185
1303,apj,m1186
1304,apj,m1187
1305,apj,m1188
1306,apj,m1189
1307,apj,m1190
1308,apj,m1191
1309,apj,m1192
1310,apj,m1193
1311,apj,m1194
1312,apj,m1195
1313,apj,m1196
1314,apj,m1197
1315,apj,m1198
1316,apj,m1199
1317,apj,m1200
1318,apj,m1201
1319,apj,m1202
1320,apj,m1203
1321,apj,m1204
1322,apj,m1205
1323,apj,m1206
1324,apj,m1207
1325,apj,m1208
1327,apj,m1209
1328,apj,m1210
1329,apj,m1211
1330,abu,m1212
1331,apj,m1213
1332,apj,m1214
1333,apj,m1215
1334,apj,m1216
1335,apj,m1217
1336,apj,m1218
1337,apj,m1219
1338,apj,m1220
1339,apj,m1221
1340,apj,m1222
1341,apj,m1223
1342,x1,m1224
1343,apj,m1225
1344,apj,m1226
1345,apj,m1227
1346,apj,m1228
1347,apj,m1229
1348,apj,m1230
1349,x1,m1231
1350,x1,m1232
1351,x1,m1233
1352,apj,m1234
1353,apj,m1235
1354,apj,m1236
1355,apj,m1237
1356,apj,m1238
1357,apj,m1239
1358,apj,m1240
1359,apj,m1241
1360,apj,m1242
1361,apj,m1243
1362,apj,m1244
1363,apj,m1245
1364,apj,m1246
1365,x1,m1247
1366,x1,m1248
1367,apj,m1249
1368,apj,m1250
1369,abu,m1251
1370,abu,m1252
1371,abu,m1253
1372,abu,m1254
1373,abu,m1255
1374,abu,m1256
1375,abu,m1257
1376,abu,m1258
1377,abu,m1259
1378,abu,m1260
1379,abu,m1261
1380,abu,m1262
1381,abu,m1263
1382,abu,m1264
1384,abu,m1265
1385,abu,m1266
1386,apj,m1267
1387,x1,m1268
1388,APJ,m1269
1389,x1,m1270
1390,apj,m1271
1391,x1,m1272
1392,x1,m1273
1393,x1,m1274
1394,apj,m1275
1395,apj,m1276
1396,apj,m1277
1397,apj,m1278
1398,x1,m1279
1399,x1,m1280
1400,x1,m1281
1401,apj,m1282
1402,x1,m1283
1403,x1,m1284
1404,x1,m1285
1405,abu,m1286
1406,abu,m1287
1407,abu,m1288
1408,abu,m1289
1409,abu,m1290
1410,abu,m1291
1411,abu,m1292
1413,abu,m1293
1415,abu,m1294
1416,abu,m1295
1417,abu,m1296
1418,abu,m1297
1420,abu,m1298
1421,abu,m1299
1422,abu,m1300
1423,abu,m1301
1424,abu,m1302
1425,abu,m1303
1426,abu,m1304
1428,abu,m1305
1429,x1,m1306
1430,x1,m1307
1431,apj,m1308
1432,apj,m1309
1433,apj,m1310
1434,x1,m1311
1435,apj,m1312
1436,x1,m1313
1437,x1,m1314
1439,apj,m1315
1440,x1,m1316
1441,x1,m1317
1442,apj,m1318
1443,x1,m1319
1444,x1,m1320
1445,x1,m1321
1446,x1,m1322
1447,x1,m1323
1448,x1,m1324
1449,x1,m1325
1450,x1,m1326
1451,abu,m1327
1452,x1,m1328
1453,abu,m1329
1454,x1,m1330
1455,abu,m1331
1456,abu,m1332
1457,abu,m1333
1458,abu,m1334
1459,abu,m1335
1460,abu,m1336
1462,abu,m1337
1463,abu,m1338
1464,abu,m1339
1465,abu,m1340
1466,abu,m1341
1467,abu,m1342
1468,abu,m1343
1469,abu,m1344
1470,abu,m1345
1471,abu,m1346
1472,abu,m1347
1473,abu,m1348
1474,apj,m1349
1475,x1,m1350
1476,x1,m1351
1477,x1,m1352
1478,x1,m1353
1479,x1,m1354
1480,x1,m1355
1481,x1,m1356
1482,x1,m1357
1483,x1,m1358
1484,apj,m1359
1485,x1,m1360
1486,abu,m1361
1487,x1,m1362
1488,abu,m1363
1490,x1,m1364
1491,apj,m1365
1492,apj,m1366
1493,abu,m1367
1494,abu,m1368
1495,abu,m1369
1496,abu,m1370
1497,abu,m1371
1498,abu,m1372
1499,abu,m1373
1500,abu,m1374
1501,abu,m1375
1502,abu,m1376
1503,abu,m1377
1504,abu,m1378
1505,abu,m1379
1506,abu,m1380
1507,abu,m1381
1509,abu,m1382
1510,abu,m1383
1511,abu,m1384
1512,abu,m1385
1513,abu,m1386
1514,abu,m1387
1515,abu,m1388
1516,abu,m1389
1517,abu,m1390
1518,abu,m1391
1519,abu,m1392
1520,abu,m1393
1521,apj,m1394
1522,apj,m1395
1523,apj,m1396
1524,apj,m1397
1525,apj,m1398
1526,apj,m1399
1527,apj,m1400
1528,apj,m1401
1529,apj,m1402
1530,apj,m1403
1531,apj,m1404
1532,apj,m1405
1533,apj,m1406
1534,x1,m1407
1535,apj,m1408
1536,x1,m1409
1537,apj,m1410
1538,x1,m1411
1539,x1,m1412
1540,x1,m1413
1541,x1,m1414
1542,apj,m1415
1543,apj,m1416
1544,apj,m1417
1545,apj,m1418
1546,apj,m1419
1547,apj,m1420
1548,x1,m1421
1549,x1,m1422
1550,x1,m1423
1551,x1,m1424
1552,abu,m1425
1553,abu,m1426
1554,abu,m1427
1555,abu,m1428
1556,abu,m1429
1557,abu,m1430
1558,apj,m1431
1561,abu,m1432
1562,x1,m1433
1563,x1,m1434
1564,x1,m1435
1565,x1,m1436
1566,x1,m1437
1567,x1,m1438
1568,abu,m1439
1569,abu,m1440
1570,apj,m1441
1571,abu,m1442
1572,abu,m1443
1573,abu,m1444
1574,abu,m1445
1575,abu,m1446
1576,abu,m1447
1577,abu,m1448
1578,abu,m1449
1579,abu,m1450
1580,abu,m1451
1581,abu,m1452
1582,abu,m1453
1583,abu,m1454
1584,abu,m1455
1585,abu,m1456
1586,abu,m1457
1587,abu,m1458
1588,abu,m1459
1589,abu,m1460
1590,abu,m1461
1591,apj,m1462
1592,apj,m1463
1593,apj,m1464
1594,apj,m1465
1595,apj,m1466
1596,apj,m1467
1597,apj,m1468
1598,apj,m1469
1599,x1,m1470
1600,x1,m1471
1601,apj,m1472
1602,apj,m1473
1603,x1,m1474
1604,apj,m1475
1605,apj,m1476
1606,abu,m1477
1607,abu,m1478
1608,abu,m1479
1609,apj,m1480
1610,apj,m1481
1611,x1,m1482
1612,x1,m1483
1613,apj,m1484
1614,apj,m1485
1615,abu,m1486
1616,abu,m1487
1617,abu,m1488
1618,abu,m1489
1619,abu,m1490
1620,abu,m1491
1622,abu,m1492
1623,abu,m1493
1624,abu,m1494
1625,abu,m1495
1626,abu,m1496
1627,abu,m1497
1628,abu,m1498
1629,abu,m1499
1630,abu,m1500
1631,x1,m1501
1632,x1,m1502
1633,x1,m1503
1634,apj,m1504
1635,x1,m1505
1636,x1,m1506
1637,apj,m1507
1638,apj,m1508
1639,x1,m1509
1640,apj,m1510
1641,apj,m1511
1642,x1,m1512
1643,apj,m1513
1644,apj,m1514
1645,apj,m1515
1646,x1,m1516
1647,x1,m1517
1648,x1,m1518
1649,x1,m1519
1650,x1,m1520
1651,x1,m1521
1652,x1,m1522
1653,x1,m1523
1654,abu,m1524
1655,abu,m1525
1656,abu,m1526
1657,abu,m1527
1658,abu,m1528
1659,abu,m1529
1660,abu,m1530
1661,abu,m1531
1662,abu,m1532
1663,abu,m1533
1664,abu,m1534
1665,abu,m1535
1666,abu,m1536
1667,abu,m1537
1668,abu,m1538
1669,abu,m1539
1670,abu,m1540
1671,abu,m1541
1672,abu,m1542
1673,abu,m1543
1674,abu,m1544
1675,x1,m1545
1676,x1,m1546
1677,apj,m1547
1678,apj,m1548
1679,apj,m1549
1680,apj,m1550
1681,apj,m1551
1682,apj,m1552
1683,x1,m1553
1684,x1,m1554
1685,x1,m1555
1686,apj,m1556
1687,apj,m1557
1688,x1,m1558
1689,x1,m1559
1690,x1,m1560
1691,apj,m1561
1692,x1,m1562
1693,apj,m1563
1694,apj,m1564
1695,apj,m1565
1696,apj,m1566
1697,apj,m1567
1698,apj,m1568
1699,apj,m1569
1700,apj,m1570
1701,apj,m1571
1702,apj,m1572
1703,apj,m1573
1704,apj,m1574
1705,x1,m1575
1706,apj,m1576
1707,x1,m1577
1708,abu,m1578
1709,abu,m1579
1710,abu,m1580
1711,abu,m1581
1712,abu,m1582
1713,abu,m1583
1714,abu,m1584
1715,abu,m1585
1716,abu,m1586
1717,abu,m1587
1718,abu,m1588
1719,abu,m1589
1720,abu,m1590
1721,abu,m1591
1722,abu,m1592
1723,abu,m1593
1724,abu,m1594
1725,abu,m1595
1726,abu,m1596
1727,abu,m1597
1728,abu,m1598
1729,abu,m1599
1731,x1,m1600
1732,x1,m1601
1733,abu,m1602
1734,abu,m1603
1735,apj,m1604
1736,apj,m1605
1737,apj,m1606
1738,apj,m1607
1739,apj,m1608
1740,x1,m1609
1741,x1,m1610
1742,apj,m1611
1743,x1,m1612
1744,x1,m1613
1745,x1,m1614
1746,x1,m1615
1747,apj,m1616
1748,x1,m1617
1749,x1,m1618
1750,x1,m1619
1751,apj,m1620
1752,apj,m1621
1753,apj,m1622
1754,x1,m1623
1755,apj,m1624
1756,apj,m1625
1757,apj,m1626
1758,x1,m1627
1759,apj,m1628
1760,abu,m1629
1761,abu,m1630
1762,apj,m1631
1763,abu,m1632
1764,abu,m1633
1765,x1,m1634
1766,abu,m1635
1767,abu,m1636
1768,abu,m1637
1769,apj,m1638
1770,x1,m1639
1771,abu,m1640
1772,x1,m1641
1773,abu,m1642
1774,x1,m1643
1775,x1,m1644
1776,x1,m1645
1777,x1,m1646
1779,abu,m1647
1780,abu,m1648
1781,abu,m1649
1782,abu,m1650
1783,abu,m1651
1784,abu,m1652
1785,abu,m1653
1786,abu,m1654
1787,abu,m1655
1788,abu,m1656
1789,abu,m1657
1790,abu,m1658
1791,abu,m1659
1792,abu,m1660
1793,apj,m1661
1794,apj,m1662
1795,apj,m1663
1796,x1,m1664
1797,apj,m1665
1798,apj,m1666
1799,apj,m1667
1800,apj,m1668
1801,apj,m1669
1802,x1,m1670
1803,x1,m1671
1804,x1,m1672
1805,x1,m1673
1806,apj,m1674
1807,x1,m1675
1808,apj,m1676
1809,x1,m1677
1810,x1,m1678
1811,x1,m1679
1812,x1,m1680
1813,x1,m1681
1814,apj,m1682
1815,apj,m1683
1816,apj,m1684
1817,apj,m1685
1818,x1,m1686
1819,x1,m1687
1820,x1,m1688
1821,x1,m1689
1822,x1,m1690
1823,x1,m1691
1825,abu,m1692
1826,x1,m1693
1827,x1,m1694
1828,x1,m1695
1829,abu,m1696
1830,apj,m1697
1831,abu,m1698
1832,abu,m1699
1833,abu,m1700
1834,abu,m1701
1835,abu,m1702
1836,abu,m1703
1837,abu,m1704
1838,abu,m1705
1839,abu,m1706
1840,abu,m1707
1841,abu,m1708
1842,abu,m1709
1843,abu,m1710
1844,abu,m1711
1845,abu,m1712
1846,abu,m1713
1847,abu,m1714
1848,abu,m1715
1849,abu,m1716
1850,abu,m1717
1851,abu,m1718
1852,abu,m1719
1853,abu,m1720
1854,apj,m1721
1855,x1,m1722
1856,x1,m1723
1857,apj,m1724
1858,apj,m1725
1859,apj,m1726
1860,x1,m1727
1861,x1,m1728
1862,x1,m1729
1863,x1,m1730
1864,x1,m1731
1865,x1,m1732
1866,apj,m1733
1867,apj,m1734
1868,x1,m1735
1869,apj,m1736
1870,x1,m1737
1871,apj,m1738
1872,apj,m1739
1873,x1,m1740
1874,x1,m1741
1875,x1,m1742
1876,x1,m1743
1877,x1,m1744
1878,apj,m1745
1879,apj,m1746
1880,apj,m1747
1881,apj,m1748
1882,apj,m1749
1883,apj,m1750
1884,x1,m1751
1885,apj,m1752
1886,x1,m1753
1887,apj,m1754
1888,x1,m1755
1889,apj,m1756
1890,x1,m1757
1891,x1,m1758
1892,x1,m1759
1893,abu,m1760
1894,x1,m1761
1895,abu,m1762
1896,apj,m1763
1897,abu,m1764
1898,abu,m1765
1899,abu,m1766
1900,abu,m1767
1902,abu,m1768
1905,abu,m1769
1906,abu,m1770
1907,x1,m1771
1908,abu,m1772
1909,abu,m1773
1910,abu,m1774
1911,abu,m1775
1913,abu,m1776
1914,abu,m1777
1915,abu,m1778
1916,abu,m1779
1917,abu,m1780
1918,abu,m1781
1919,apj,m1782
1920,apj,m1783
1921,abu,m1784
1922,apj,m1785
1923,apj,m1786
1924,abu,m1787
1925,apj,m1788
1926,x1,m1789
1927,abu,m1790
1928,x1,m1791
1929,x1,m1792
1930,apj,m1793
1931,x1,m1794
1932,apj,m1795
1933,apj,m1796
1934,apj,m1797
1935,x1,m1798
1936,apj,m1799
1937,x1,m1800
1938,x1,m1801
1939,x1,m1802
1940,apj,m1803
1941,x1,m1804
1942,apj,m1805
1943,apj,m1806
1945,apj,m1807
1946,x1,m1808
1947,apj,m1809
1948,x1,m1810
1949,x1,m1811
1950,apj,m1812
1951,x1,m1813
1952,apj,m1814
1953,apj,m1815
1954,apj,m1816
1955,apj,m1817
1956,x1,m1818
1957,apj,m1819
1958,x1,m1820
1959,x1,m1821
1960,apj,m1822
1961,apj,m1823
1962,x1,m1824
1963,apj,m1825
1964,apj,m1826
1965,apj,m1827
1966,apj,m1828
1967,x1,m1829
1968,x1,m1830
1969,x1,m1831
1970,x1,m1832
1971,x1,m1833
1972,x1,m1834
1973,x1,m1835
1974,x1,m1836
1975,abu,m1837
1976,abu,m1838
1977,abu,m1839
1979,abu,m1840
1980,abu,m1841
1981,abu,m1842
1982,abu,m1843
1983,abu,m1844
1984,abu,m1845
1985,abu,m1846
1986,abu,m1847
1987,abu,m1848
1988,abu,m1849
1989,abu,m1850
1990,abu,m1851
1991,abu,m1852
1992,abu,m1853
1993,abu,m1854
1994,apj,m1855
1995,abu,m1856
1996,apj,m1857
1997,apj,m1858
1998,apj,m1859
1999,x1,m1860
2000,apj,m1861
2001,x1,m1862
2002,apj,m1863
2003,x1,m1864
2004,x1,m1865
2005,x1,m1866
2006,x1,m1867
2007,apj,m1868
2008,apj,m1869
2009,x1,m1870
2010,x1,m1871
2011,x1,m1872
2012,apj,m1873
2013,apj,m1874
2014,x1,m1875
2015,apj,m1876
2016,apj,m1877
2017,apj,m1878
2018,apj,m1879
2019,x1,m1880
2020,apj,m1881
2021,x1,m1882
2022,x1,m1883
2023,apj,m1884
2024,apj,m1885
2025,apj,m1886
2026,x1,m1887
2027,apj,m1888
2028,apj,m1889
2029,x1,m1890
2030,x1,m1891
2031,x1,m1892
2032,x1,m1893
2033,x1,m1894
2034,apj,m1895
2035,x1,m1896
2036,abu,m1897
2037,abu,m1898
2038,abu,m1899
2039,abu,m1900
2040,abu,m1901
2041,abu,m1902
2042,abu,m1903
2043,abu,m1904
2044,abu,m1905
2045,abu,m1906
2046,abu,m1907
2047,abu,m1908
2048,abu,m1909
2049,abu,m1910
2050,abu,m1911
2051,abu,m1912
2052,abu,m1913
2053,abu,m1914
2054,APJ,m1915
2055,apj,m1916
2056,apj,m1917
2057,apj,m1918
2058,apj,m1919
2059,apj,m1920
2060,x1,m1921
2061,x1,m1922
2062,apj,m1923
2063,apj,m1924
2064,x1,m1925
2065,x1,m1926
2066,x1,m1927
2067,x1,m1928
2068,x1,m1929
2069,x1,m1930
2070,apj,m1931
2071,apj,m1932
2072,x1,m1933
2073,apj,m1934
2074,apj,m1935
2075,apj,m1936
2076,apj,m1937
2077,abu,m1938
2078,abu,m1939
2079,abu,m1940
2080,abu,m1941
2081,abu,m1942
2082,abu,m1943
2083,x1,m1944
2084,abu,m1945
2085,apj,m1946
2086,apj,m1947
2087,apj,m1948
2088,x1,m1949
2089,x1,m1950
2090,x1,m1951
2091,x1,m1952
2092,x1,m1953
2093,x1,m1954
2094,x1,m1955
2095,x1,m1956
2096,x1,m1957
2097,abu,m1958
2098,x1,m1959
2099,abu,m1960
2100,x1,m1961
2101,abu,m1962
2102,apj,m1963
2103,x1,m1964
2104,abu,m1965
2105,abu,m1966
2106,abu,m1967
2107,abu,m1968
2108,abu,m1969
2109,abu,m1970
2110,abu,m1971
2111,abu,m1972
2112,abu,m1973
2113,abu,m1974
2114,abu,m1975
2115,abu,m1976
2116,abu,m1977
2117,abu,m1978
2118,abu,m1979
2119,abu,m1980
2120,abu,m1981
2121,abu,m1982
2122,abu,m1983
2123,abu,m1984
2124,abu,m1985
2125,abu,m1986
2126,abu,m1987
2127,abu,m1988
2128,abu,m1989
2129,apj,m1990
2130,apj,m1991
2131,apj,m1992
2132,apj,m1993
2133,apj,m1994
2134,x1,m1995
2135,apj,m1996
2136,apj,m1997
2137,x1,m1998
2138,apj,m1999
2139,apj,m2000
2140,apj,m2001
2141,x1,m2002
2142,apj,m2003
2143,apj,m2004
2144,apj,m2005
2145,apj,m2006
2146,apj,m2007
2147,apj,m2008
2148,apj,m2009
2149,apj,m2010
2150,apj,m2011
2151,apj,m2012
2152,apj,m2013
2153,apj,m2014
2154,apj,m2015
2155,apj,m2016
2156,apj,m2017
2157,apj,m2018
2158,apj,m2019
2159,apj,m2020
2160,apj,m2021
2161,x1,m2022
2162,x1,m2023
2163,x1,m2024
2164,x1,m2025
2165,abu,m2026
2166,abu,m2027
2167,abu,m2028
2168,abu,m2029
2169,abu,m2030
2170,abu,m2031
2171,abu,m2032
2172,abu,m2033
2173,abu,m2034
2174,abu,m2035
2175,abu,m2036
2176,abu,m2037
2177,abu,m2038
2178,abu,m2039
2179,abu,m2040
2180,abu,m2041
2181,abu,m2042
2182,abu,m2043
2183,abu,m2044
2184,abu,m2045
2185,abu,m2046
2186,apj,m2047
2187,apj,m2048
2188,apj,m2049
2189,apj,m2050
2190,apj,m2051
2191,apj,m2052
2192,x1,m2053
2193,apj,m2054
2194,apj,m2055
2195,apj,m2056
2196,apj,m2057
2197,apj,m2058
2198,apj,m2059
2199,apj,m2060
2200,apj,m2061
2201,apj,m2062
2202,apj,m2063
2203,apj,m2064
2204,apj,m2065
2205,apj,m2066
2206,apj,m2067
2207,apj,m2068
2208,apj,m2069
2209,x1,m2070
2210,abu,m2071
2211,x1,m2072
2212,x1,m2073
2213,apj,m2074
2214,ABU,m2075
2215,apj,m2076
2216,abu,m2077
2217,abu,m2078
2218,apj,m2079
2219,apj,m2080
2220,apj,m2081
2221,abu,m2082
2222,abu,m2083
2223,apj,m2084
2224,apj,m2085
2225,apj,m2086
2226,apj,m2087
2227,apj,m2088
2228,apj,m2089
2229,apj,m2090
2230,APJ,m2091
2231,apj,m2092
2232,APJ,m2093
2233,APJ,m2094
2234,x1,m2095
2235,apj,m2096
2236,x1,m2097
2237,APJ,m2098
2238,x1,m2099
2239,APJ,m2100
2240,APJ,m2101
2241,APJ,m2102
2242,APJ,m2103
2243,APJ,m2104
2244,APJ,m2105
2245,ABU,m2106
2246,x1,m2107
2247,ABU,m2108
2248,x1,m2109
2249,apj,m2110
2250,ABU,m2111
2251,ABU,m2112
2252,x1,m2113
2253,x1,m2114
2255,x1,m2115
2256,x1,m2116
2257,x1,m2117
2258,apj,m2118
2259,abu,m2119
2260,abu,m2120
2261,abu,m2121
2262,abu,m2122
2263,x1,m2123
2264,abu,m2124
2265,abu,m2125
2266,abu,m2126
2267,abu,m2127
2268,abu,m2128
2270,abu,m2129
2271,abu,m2130
2272,abu,m2131
2273,abu,m2132
2274,abu,m2133
2275,abu,m2134
2276,abu,m2135
2277,abu,m2136
2278,abu,m2137
2279,abu,m2138
2280,abu,m2139
2281,abu,m2140
2282,apj,m2141
2283,abu,m2142
2284,abu,m2143
2285,abu,m2144
2286,abu,m2145
2287,abu,m2146
2288,apj,m2147
2289,abu,m2148
2290,abu,m2149
2291,apj,m2150
2292,apj,m2151
2293,apj,m2152
2294,apj,m2153
2295,apj,m2154
2296,apj,m2155
2297,apj,m2156
2298,apj,m2157
2299,x1,m2158
2300,x1,m2159
2301,x1,m2160
2302,x1,m2161
2303,x1,m2162
2304,apj,m2163
2305,x1,m2164
2306,apj,m2165
2307,apj,m2166
2308,x1,m2167
2309,x1,m2168
2310,x1,m2169
2311,x1,m2170
2313,apj,m2171
2314,apj,m2172
2315,apj,m2173
2316,apj,m2174
2317,apj,m2175
2318,apj,m2176
2319,x1,m2177
2320,x1,m2178
2321,x1,m2179
2322,x1,m2180
2323,x1,m2181
2324,abu,m2182
2325,x1,m2183
2326,x1,m2184
2327,abu,m2185
2328,abu,m2186
2329,apj,m2187
2331,abu,m2188
2332,abu,m2189
2333,abu,m2190
2334,abu,m2191
2335,abu,m2192
2336,abu,m2193
2338,abu,m2194
2339,abu,m2195
2340,abu,m2196
2341,abu,m2197
2342,abu,m2198
2343,abu,m2199
2344,abu,m2200
2345,abu,m2201
2346,abu,m2202
2348,abu,m2203
2349,abu,m2204
2350,abu,m2205
2351,abu,m2206
2352,abu,m2207
2353,abu,m2208
2354,abu,m2209
2355,abu,m2210
2356,abu,m2211
2357,abu,m2212
2358,abu,m2213
2359,x1,m2214
2360,abu,m2215
2361,apj,m2216
2362,apj,m2217
2363,x1,m2218
2364,apj,m2219
2365,abu,m2220
2366,abu,m2221
2367,abu,m2222
2368,apj,m2223
2369,x1,m2224
2370,x1,m2225
2371,apj,m2226
2372,apj,m2227
2373,x1,m2228
2374,x1,m2229
2375,apj,m2230
2376,apj,m2231
2377,x1,m2232
2378,x1,m2233
2379,x1,m2234
2380,apj,m2235
2381,apj,m2236
2382,apj,m2237
2383,apj,m2238
2384,apj,m2239
2385,apj,m2240
2386,apj,m2241
2387,apj,m2242
2388,apj,m2243
2389,x1,m2244
2390,x1,m2245
2391,x1,m2246
2392,x1,m2247
2393,abu,m2248
2394,x1,m2249
2395,x1,m2250
2396,x1,m2251
2397,x1,m2252
2398,x1,m2253
2399,x1,m2254
2400,x1,m2255
2401,x1,m2256
2402,x1,m2257
2403,x1,m2258
2404,abu,m2259
2405,abu,m2260
2406,apj,m2261
2407,apj,m2262
2408,x1,m2263
2409,apj,m2264
2410,apj,m2265
2411,apj,m2266
2412,apj,m2267
2413,apj,m2268
2414,x1,m2269
2416,x1,m2270
2417,x1,m2271
2418,x1,m2272
2419,apj,m2273
2420,apj,m2274
2421,x1,m2275
2422,apj,m2276
2423,x1,m2277
2424,abu,m2278
2425,abu,m2279
2426,abu,m2280
2427,abu,m2281
2429,abu,m2282
2430,abu,m2283
2431,abu,m2284
2432,abu,m2285
2433,abu,m2286
2434,abu,m2287
2435,abu,m2288
2436,abu,m2289
2437,abu,m2290
2438,abu,m2291
2439,abu,m2292
2440,abu,m2293
2441,abu,m2294
2442,abu,m2295
2443,abu,m2296
2444,abu,m2297
2445,abu,m2298
2446,abu,m2299
2447,apj,m2300
2448,apj,m2301
2449,abu,m2302
2450,apj,m2303
2451,apj,m2304
2452,apj,m2305
2453,x1,m2306
2454,abu,m2307
2455,x1,m2308
2456,x1,m2309
2457,x1,m2310
2458,apj,m2311
2459,apj,m2312
2460,apj,m2313
2461,apj,m2314
2462,x1,m2315
2463,x1,m2316
2464,apj,m2317
2465,apj,m2318
2466,apj,m2319
2467,apj,m2320
2468,apj,m2321
2469,apj,m2322
2470,apj,m2323
2471,apj,m2324
2472,apj,m2325
2473,x1,m2326
2474,apj,m2327
2475,apj,m2328
2476,x1,m2329
2477,x1,m2330
2478,x1,m2331
2479,x1,m2332
2480,abu,m2333
2482,abu,m2334
2486,abu,m2335
2487,abu,m2336
2488,abu,m2337
2489,abu,m2338
2490,abu,m2339
2491,abu,m2340
2492,abu,m2341
2493,abu,m2342
2494,abu,m2343
2495,abu,m2344
2496,abu,m2345
2497,abu,m2346
2498,abu,m2347
2499,abu,m2348
2500,abu,m2349
2501,abu,m2350
2502,apj,m2351
2504,x1,m2352
2505,apj,m2353
2506,apj,m2354
2507,apj,m2355
2508,apj,m2356
2509,apj,m2357
2510,x1,m2358
2511,x1,m2359
2512,x1,m2360
2513,x1,m2361
2514,apj,m2362
2515,apj,m2363
2516,apj,m2364
2517,x1,m2365
2518,x1,m2366
2519,x1,m2367
2520,apj,m2368
2521,x1,m2369
2522,apj,m2370
2523,x1,m2371
2524,x1,m2372
2525,x1,m2373
2526,apj,m2374
2527,apj,m2375
2528,apj,m2376
2529,apj,m2377
2530,apj,m2378
2531,abu,m2379
2532,x1,m2380
2533,x1,m2381
2534,apj,m2382
2535,x1,m2383
2536,x1,m2384
2537,x1,m2385
2538,abu,m2386
2539,abu,m2387
2540,x1,m2388
2541,abu,m2389
2542,abu,m2390
2543,abu,m2391
2544,abu,m2392
2545,abu,m2393
2546,abu,m2394
2547,abu,m2395
2548,abu,m2396
2549,abu,m2397
2550,abu,m2398
2551,abu,m2399
2552,abu,m2400
2553,abu,m2401
2554,abu,m2402
2555,abu,m2403
2556,abu,m2404
2557,abu,m2405
2558,abu,m2406
2559,abu,m2407
2560,abu,m2408
2561,abu,m2409
2562,abu,m2410
2563,abu,m2411
2564,abu,m2412
2565,abu,m2413
2566,abu,m2414
2567,apj,m2415
2568,apj,m2416
2569,apj,m2417
2570,apj,m2418
2571,apj,m2419
2572,apj,m2420
2573,apj,m2421
2574,apj,m2422
2575,apj,m2423
2576,apj,m2424
2577,x1,m2425
2578,x1,m2426
2579,x1,m2427
2580,x1,m2428
2581,x1,m2429
2582,x1,m2430
2583,x1,m2431
2584,apj,m2432
2585,apj,m2433
2586,apj,m2434
2587,x1,m2435
2588,x1,m2436
2589,apj,m2437
2590,apj,m2438
2591,apj,m2439
2592,apj,m2440
2593,x1,m2441
2594,apj,m2442
2595,apj,m2443
2596,apj,m2444
2597,x1,m2445
2598,x1,m2446
2599,apj,m2447
2600,apj,m2448
2601,x1,m2449
2602,apj,m2450
2603,abu,m2451
2604,abu,m2452
2605,x1,m2453
2606,x1,m2454
2607,x1,m2455
2608,x1,m2456
2609,x1,m2457
2610,x1,m2458
2611,abu,m2459
2612,abu,m2460
2613,abu,m2461
2614,abu,m2462
2615,abu,m2463
2616,abu,m2464
2617,apj,m2465
2618,x1,m2466
2619,apj,m2467
2620,apj,m2468
2621,apj,m2469
2622,apj,m2470
2623,apj,m2471
2624,x1,m2472
2625,apj,m2473
2626,apj,m2474
2627,x1,m2475
2628,apj,m2476
2629,apj,m2477
2630,x1,m2478
2631,x1,m2479
2632,x1,m2480
2633,apj,m2481
2634,apj,m2482
2635,x1,m2483
2636,x1,m2484
2637,apj,m2485
2638,apj,m2486
2639,apj,m2487
2640,apj,m2488
2641,apj,m2489
2642,apj,m2490
2643,apj,m2491
2644,x1,m2492
2645,x1,m2493
2646,x1,m2494
2647,apj,m2495
2648,x1,m2496
2649,x1,m2497
2650,x1,m2498
2651,abu,m2499
2652,abu,m2500
2653,abu,m2501
2654,abu,m2502
2655,abu,m2503
2656,abu,m2504
2657,abu,m2505
2658,abu,m2506
2659,abu,m2507
2660,abu,m2508
2661,abu,m2509
2662,abu,m2510
2663,abu,m2511
2664,abu,m2512
2665,abu,m2513
2666,abu,m2514
2667,abu,m2515
2668,abu,m2516
2669,abu,m2517
2670,abu,m2518
2671,abu,m2519
2672,abu,m2520
2673,abu,m2521
2674,abu,m2522
2675,abu,m2523
2676,abu,m2524
2677,abu,m2525
2678,abu,m2526
2679,abu,m2527
2680,abu,m2528
2681,abu,m2529
2682,abu,m2530
2683,abu,m2531
2684,abu,m2532
2685,abu,m2533
2686,abu,m2534
2687,abu,m2535
2688,abu,m2536
2689,abu,m2537
2690,abu,m2538
2691,abu,m2539
2692,abu,m2540
2693,abu,m2541
2694,apj,m2542
2696,apj,m2543
2697,apj,m2544
2698,apj,m2545
2699,apj,m2546
2700,apj,m2547
2701,apj,m2548
2702,apj,m2549
2703,apj,m2550
2704,apj,m2551
2705,apj,m2552
2706,apj,m2553
2707,apj,m2554
2709,apj,m2555
2710,apj,m2556
2711,apj,m2557
2712,x1,m2558
2713,apj,m2559
2714,apj,m2560
2715,apj,m2561
2716,apj,m2562
2717,apj,m2563
2718,x1,m2564
2719,x1,m2565
2720,apj,m2566
2721,apj,m2567
2722,apj,m2568
2723,apj,m2569
2724,apj,m2570
2725,apj,m2571
2726,apj,m2572
2727,x1,m2573
2728,apj,m2574
2729,apj,m2575
2730,x1,m2576
2731,x1,m2577
2732,x1,m2578
2733,apj,m2579
2734,x1,m2580
2735,abu,m2581
2736,abu,m2582
2737,abu,m2583
2738,apj,m2584
2739,abu,m2585
2740,apj,m2586
2741,abu,m2587
2742,x1,m2588
2743,abu,m2589
2744,abu,m2590
2745,abu,m2591
2746,abu,m2592
2747,x1,m2593
2748,abu,m2594
2749,x1,m2595
2750,abu,m2596
2751,x1,m2597
2752,abu,m2598
2753,abu,m2599
2754,abu,m2600
2755,abu,m2601
2756,abu,m2602
2757,abu,m2603
2758,x1,m2604
2761,abu,m2605
2762,abu,m2606
2764,apj,m2607
2765,abu,m2608
2766,abu,m2609
2767,abu,m2610
2768,abu,m2611
2769,abu,m2612
2770,abu,m2613
2771,abu,m2614
2772,abu,m2615
2773,abu,m2616
2774,abu,m2617
2775,abu,m2618
2776,abu,m2619
2777,abu,m2620
2778,abu,m2621
2779,abu,m2622
2780,abu,m2623
2781,abu,m2624
2782,abu,m2625
2783,abu,m2626
2784,abu,m2627
2785,abu,m2628
2786,abu,m2629
2787,abu,m2630
2788,abu,m2631
2789,abu,m2632
2790,abu,m2633
2791,abu,m2634
2792,abu,m2635
2793,abu,m2636
2794,abu,m2637
2795,abu,m2638
2796,abu,m2639
2797,abu,m2640
2798,abu,m2641
2799,abu,m2642
2800,abu,m2643
2801,abu,m2644
2802,abu,m2645
2803,abu,m2646
2804,apj,m2647
2805,apj,m2648
2806,apj,m2649
2807,apj,m2650
2808,apj,m2651
2809,apj,m2652
2810,apj,m2653
2811,apj,m2654
2812,apj,m2655
2813,x1,m2656
2814,x1,m2657
2815,x1,m2658
2816,x1,m2659
2817,apj,m2660
2818,apj,m2661
2819,apj,m2662
2820,x1,m2663
2821,apj,m2664
2822,apj,m2665
2823,apj,m2666
2824,apj,m2667
2825,apj,m2668
2826,x1,m2669
2827,abu,m2670
2828,abu,m2671
2829,abu,m2672
2830,x1,m2673
2831,x1,m2674
2832,x1,m2675
2833,abu,m2676
2834,x1,m2677
2835,x1,m2678
2836,abu,m2679
2837,abu,m2680
2838,abu,m2681
2839,abu,m2682
2840,x1,m2683
2841,abu,m2684
2842,x1,m2685
2843,abu,m2686
2844,abu,m2687
2845,x1,m2688
2846,abu,m2689
2847,x1,m2690
2848,abu,m2691
2849,x1,m2692
2850,abu,m2693
2851,abu,m2694
2852,abu,m2695
2853,abu,m2696
2854,abu,m2697
2855,abu,m2698
2856,x1,m2699
2857,abu,m2700
2858,abu,m2701
2859,abu,m2702
2860,abu,m2703
2861,abu,m2704
2862,x1,m2705
2863,abu,m2706
2864,abu,m2707
2865,abu,m2708
2866,abu,m2709
2867,abu,m2710
2868,abu,m2711
2869,abu,m2712
2870,apj,m2713
2871,abu,m2714
2872,abu,m2715
,abu,m2716
SR186885293,abu,m2717
SR186886328,abu,m2718
SR186887265,abu,m2719
SR186887623,abu,m2720
SR186887907,apj,m2721
SR186888637,abu,m2722
SR186888710,abu,m2723
SR186889042,abu,m2724
SR186889860,abu,m2725
SR186889901,abu,m2726
SR186889967,abu,m2727
SR186890507,abu,m2728
SR186891190,abu,m2729
SR186891492,abu,m2730
SR186891601,abu,m2731
SR186891710,abu,m2732
SR186891776,abu,m2733
SR186892443,abu,m2734
SR186893526,abu,m2735
SR186893682,abu,m2736
SR186894652,abu,m2737
SR186895636,abu,m2738
SR186895659,abu,m2739
SR186895722,abu,m2740
SR186896249,abu,m2741
SR186896530,abu,m2742
SR186896755,abu,m2743
SR186896843,abu,m2744
SR186896855,abu,m2745
SR186896962,abu,m2746
SR186897256,abu,m2747
SR186897297,abu,m2748
SR186897305,abu,m2749
SR186897321,abu,m2750
SR186897333,abu,m2751
SR186897582,abu,m2752
SR186897594,abu,m2753
SR186897629,abu,m2754
SR186897768,abu,m2755
SR186897981,abu,m2756
SR186900674,x1,m2757
,abu,m2758
SR186917352,x1,m2759
SR186919174,x1,m2760
SR186919709,apj,m2761
SR186922672,apj,m2762
SR186923124,apj,m2763
SR186923333,apj,m2764
SR186927085,x1,m2765
SR186927218,apj,m2766
SR186927876,x1,m2767
SR186928233,x1,m2768
SR186928727,apj,m2769
SR186930479,x1,m2770
SR186930517,apj,m2771
SR186932420,apj,m2772
SR186933299,x1,m2773
SR186934509,x1,m2774
SR186934541,x1,m2775
SR186934541,x1,m2776
SR186935846,x1,m2777
SR186936777,x1,m2778
SR186938467,apj,m2779
SR186938482,apj,m2780
SR186940651,x1,m2781
SR186940765,x1,m2782
SR186941287,apj,m2783
SR186943273,x1,m2784
SR186943528,x1,m2785
SR186943537,apj,m2786
SR186945685,x1,m2787
SR186947117,x1,m2788
SR186947162,apj,m2789
SR186947162,apj,m2790
SR186947291,apj,m2791
SR186947535,x1,m2792
SR186948194,abu,m2793
SR186950094,x1,m2794
SR186951117,x1,m2795
SR186951154,apj,m2796
SR186951695,apj,m2797
SR186952241,x1,m2798
SR186952679,abu,m2799
SR186953986,x1,m2800
,abu,m2801
SR186958254,abu,m2802
SR186959584,abu,m2803
,abu,m2804
SR186960210,abu,m2805
,abu,m2806
SR186962072,abu,m2807
SR186963722,abu,m2808
SR186963978,abu,m2809
SR186964137,abu,m2810
,abu,m2811
SR186966258,abu,m2812
SR186967845,apj,m2813
SR186968905,abu,m2814
SR186969689,abu,m2815
SR186969710,abu,m2816
SR186970188,abu,m2817
SR186970420,abu,m2818
SR186970462,abu,m2819
SR186971209,x1,m2820
SR186971683,abu,m2821
SR186971769,abu,m2822
SR186972113,abu,m2823
SR186972391,abu,m2824
SR186972989,abu,m2825
SR186973690,abu,m2826
SR186973865,abu,m2827
SR186974009,abu,m2828
SR186974461,abu,m2829
SR186974813,abu,m2830
SR186975442,abu,m2831
SR186975595,abu,m2832
SR186975854,abu,m2833
SR186976062,abu,m2834
SR186976447,abu,m2835
SR186976672,abu,m2836
SR186976718,abu,m2837
SR186977516,abu,m2838
SR186977731,abu,m2839
SR186977785,abu,m2840
SR186978042,abu,m2841
SR186978141,abu,m2842
SR186978605,abu,m2843
SR186978684,abu,m2844
SR186978684,abu,m2845
SR186979092,abu,m2846
SR186979646,abu,m2847
SR186979995,abu,m2848
SR186980078,abu,m2849
SR186980224,abu,m2850
SR186980353,abu,m2851
SR186980517,abu,m2852
SR186980575,abu,m2853
SR186981554,abu,m2854
SR186981605,abu,m2855
SR186981759,abu,m2856
SR186981924,abu,m2857
SR186982253,abu,m2858
SR186982522,abu,m2859
SR186982700,abu,m2860
SR186982807,abu,m2861
SR186983107,abu,m2862
SR186984055,abu,m2863
SR186985016,apj,m2864
SR186997636,apj,m2865
SR186997865,apj,m2866
SR186997865,apj,m2867
SR186998075,apj,m2868
SR186998650,apj,m2869
SR186999328,x1,m2870
SR187004754,apj,m2871
SR187006098,apj,m2872
SR187010686,x1,m2873
SR187011290,x1,m2874
SR187014759,x1,m2875
SR187015171,x1,m2876
SR187017101,x1,m2877
SR187017391,x1,m2878
SR187017989,x1,m2879
SR187017989,x1,m2880
SR187018490,x1,m2881
SR187019964,x1,m2882
SR187020284,apj,m2883
SR187027732,abu,m2884
SR187028191,x1,m2885
SR187029254,abu,m2886
SR187029738,x1,m2887
SR187030085,x1,m2888
SR187030654,abu,m2889
SR187030723,abu,m2890
SR187030867,abu,m2891
SR187032500,x1,m2892
SR187033623,abu,m2893
SR187035823,abu,m2894
SR187036072,apj,m2895
SR187036433,abu,m2896
SR187036816,abu,m2897
SR187037104,apj,m2898
SR187037458,abu,m2899
SR187038080,abu,m2900
SR187038293,abu,m2901
SR187038736,abu,m2902
SR187039343,x1,m2903
SR187039921,abu,m2904
SR187041420,abu,m2905
SR187041454,abu,m2906
SR187041675,abu,m2907
SR187042115,abu,m2908
SR187043719,abu,m2909
SR187043823,abu,m2910
SR187044015,abu,m2911
SR187044283,abu,m2912
SR187044840,abu,m2913
SR187045095,abu,m2914
SR187045397,abu,m2915
SR187045799,abu,m2916
SR187046083,abu,m2917
SR187046301,apj,m2918
SR187046403,abu,m2919
SR187046759,abu,m2920
SR187046828,abu,m2921
SR187046947,abu,m2922
SR187047487,abu,m2923
SR187048235,abu,m2924
SR187048443,abu,m2925
SR187050290,abu,m2926
SR187050943,abu,m2927
SR187050972,abu,m2928
SR187051449,abu,m2929
SR187051675,abu,m2930
SR187052248,abu,m2931
SR187052587,abu,m2932
SR187052907,abu,m2933
SR187053074,abu,m2934
SR187053363,abu,m2935
SR187053525,abu,m2936
SR187053557,abu,m2937
SR187054068,abu,m2938
SR187054899,abu,m2939
SR187055688,abu,m2940
SR187056003,abu,m2941
SR187056602,abu,m2942
SR187057135,abu,m2943
SR187058325,abu,m2944
SR187058325,abu,m2945
SR187058595,abu,m2946
SR187060431,x1,m2947
SR187065332,apj,m2948
SR187069503,x1,m2949
SR187073924,apj,m2950
SR187092482,apj,m2951
SR187107415,apj,m2952
SR187108655,apj,m2953
SR187112044,apj,m2954
SR187114233,x1,m2955
SR187115107,x1,m2956
SR187120626,x1,m2957
SR187120626,x1,m2958
SR187120674,x1,m2959
SR187121009,x1,m2960
SR187121296,x1,m2961
SR187122456,x1,m2962
SR187123760,x1,m2963
SR187126071,apj,m2964
SR187126074,apj,m2965
SR187126600,x1,m2966
SR187126600,x1,m2967
SR187126900,apj,m2968
SR187127445,apj,m2969
SR187130084,x1,m2970
SR187130340,apj,m2971
SR187130647,x1,m2972
SR187130969,apj,m2973
SR187131299,apj,m2974
SR187131303,apj,m2975
SR187132132,x1,m2976
SR187132486,apj,m2977
SR187133430,apj,m2978
SR187133670,apj,m2979
SR187134182,x1,m2980
SR187134755,apj,m2981
SR187134808,apj,m2982
SR187134878,apj,m2983
SR187135147,apj,m2984
SR187135284,apj,m2985
SR187135995,x1,m2986
SR187138109,apj,m2987
SR187138439,apj,m2988
SR187138915,x1,m2989
SR187138995,apj,m2990
SR187139732,apj,m2991
SR187140556,x1,m2992
SR187145025,x1,m2993
SR187145951,abu,m2994
SR187146009,x1,m2995
SR187146201,abu,m2996
SR187146627,apj,m2997
SR187146933,apj,m2998
SR187147323,x1,m2999
SR187148389,x1,m3000
SR187148583,x1,m3001
SR187148623,abu,m3002
SR187148716,abu,m3003
SR187149781,x1,m3004
SR187150236,abu,m3005
SR187151054,abu,m3006
SR187151064,x1,m3007
SR187152548,abu,m3008
SR187153144,abu,m3009
SR187154618,abu,m3010
SR187154623,x1,m3011
SR187154980,x1,m3012
SR187155073,x1,m3013
SR187155486,abu,m3014
SR187155712,abu,m3015
SR187156537,abu,m3016
SR187160511,abu,m3017
SR187160538,abu,m3018
SR187160996,abu,m3019
SR187162930,x1,m3020
SR187163025,abu,m3021
SR187163075,abu,m3022
SR187163104,abu,m3023
SR187163741,abu,m3024
SR187165032,abu,m3025
SR187165268,abu,m3026
SR187165508,abu,m3027
SR187166307,abu,m3028
SR187166785,x1,m3029
SR187166905,abu,m3030
SR187167053,abu,m3031
SR187167114,abu,m3032
SR187168271,abu,m3033
SR187168321,abu,m3034
SR187168912,abu,m3035
SR187168953,abu,m3036
SR187170340,abu,m3037
SR187170348,abu,m3038
SR187170501,abu,m3039
SR187171737,abu,m3040
SR187172140,abu,m3041
SR187172620,abu,m3042
SR187172981,abu,m3043
SR187173654,abu,m3044
SR187173968,abu,m3045
SR187174013,abu,m3046
SR187174625,abu,m3047
SR187174626,abu,m3048
SR187174758,abu,m3049
SR187174905,abu,m3050
SR187175491,abu,m3051
SR187175555,abu,m3052
SR187175720,abu,m3053
SR187175765,abu,m3054
SR187175872,abu,m3055
SR187176200,abu,m3056
SR187178578,abu,m3057
SR187178808,abu,m3058
SR187179607,abu,m3059
SR187179865,abu,m3060
SR187179915,abu,m3061
SR187179971,abu,m3062
SR187180056,abu,m3063
SR187180133,abu,m3064
SR187180223,abu,m3065
SR187180339,abu,m3066
SR187180362,abu,m3067
SR187181282,abu,m3068
SR187182188,abu,m3069
SR187197347,apj,m3070
SR187197858,x1,m3071
SR187198804,x1,m3072
SR187202171,apj,m3073
SR187202269,x1,m3074
SR187202364,x1,m3075
SR187202364,x1,m3076
SR187202364,x1,m3077
SR187202364,x1,m3078
SR187203912,x1,m3079
SR187204017,apj,m3080
SR187206673,x1,m3081
SR187209646,x1,m3082
SR187214685,x1,m3083
SR187215373,apj,m3084
SR187215731,x1,m3085
SR187216474,x1,m3086
SR187217739,apj,m3087
SR187217984,x1,m3088
SR187218528,apj,m3089
SR187219107,x1,m3090
SR187219613,apj,m3091
SR187220200,x1,m3092
SR187220382,apj,m3093
SR187224880,apj,m3094
SR187225839,apj,m3095
SR187227897,apj,m3096
SR187228149,abu,m3097
SR187231863,abu,m3098
SR187232082,abu,m3099
SR187233012,abu,m3100
SR187233131,abu,m3101
SR187235624,abu,m3102
SR187235740,abu,m3103
SR187236231,abu,m3104
SR187236804,abu,m3105
SR187237733,abu,m3106
SR187238349,abu,m3107
SR187240309,abu,m3108
SR187240632,abu,m3109
SR187241087,abu,m3110
SR187242295,abu,m3111
SR187242331,abu,m3112
SR187243360,abu,m3113
SR187244426,abu,m3114
SR187244939,x1,m3115
SR187245335,abu,m3116
SR187246854,abu,m3117
SR187247119,abu,m3118
SR187247769,abu,m3119
SR187250971,abu,m3120
SR187251472,abu,m3121
SR187251492,abu,m3122
SR187251732,abu,m3123
SR187252181,abu,m3124
SR187252664,abu,m3125
SR187253196,abu,m3126
SR187253433,abu,m3127
SR187253642,abu,m3128
SR187253684,abu,m3129
SR187253743,abu,m3130
SR187253812,abu,m3131
SR187254477,abu,m3132
SR187254600,abu,m3133
SR187254740,abu,m3134
SR187254874,abu,m3135
SR187255526,abu,m3136
SR187256407,abu,m3137
SR187256411,abu,m3138
SR187257309,abu,m3139
SR187257393,abu,m3140
SR187257410,abu,m3141
SR187257779,abu,m3142
SR187258813,abu,m3143
SR187259422,abu,m3144
SR187259475,abu,m3145
SR187259823,abu,m3146
SR187260246,abu,m3147
SR187260373,abu,m3148
SR187260797,abu,m3149
SR187261524,abu,m3150
SR187262262,abu,m3151
SR187262262,abu,m3152
SR187262337,abu,m3153
SR187262503,abu,m3154
SR187262672,abu,m3155
SR187262910,abu,m3156
SR187262981,abu,m3157
SR187263212,abu,m3158
SR187263632,abu,m3159
SR187264413,abu,m3160
SR187264512,abu,m3161
SR187264900,abu,m3162
SR187265706,abu,m3163
SR187266917,abu,m3164
SR187269226,x1,m3165
SR187278533,apj,m3166
SR187283428,apj,m3167
SR187283950,apj,m3168
SR187287465,apj,m3169
SR187287873,x1,m3170
SR187289049,x1,m3171
SR187291529,apj,m3172
SR187292937,x1,m3173
SR187294022,x1,m3174
SR187295040,x1,m3175
SR187300760,apj,m3176
SR187301807,x1,m3177
SR187301827,x1,m3178
SR187302590,apj,m3179
SR187302919,apj,m3180
SR187304214,x1,m3181
SR187306245,x1,m3182
SR187306812,x1,m3183
SR187306918,apj,m3184
SR187307657,x1,m3185
SR187307835,apj,m3186
SR187309819,apj,m3187
SR187312879,x1,m3188
SR187315901,x1,m3189
SR187316944,abu,m3190
SR187317611,abu,m3191
SR187317704,abu,m3192
SR187318025,x1,m3193
SR187318534,abu,m3194
SR187319460,abu,m3195
SR187320001,abu,m3196
SR187320518,x1,m3197
SR187320625,abu,m3198
SR187321008,abu,m3199
SR187322005,x1,m3200
SR187322715,x1,m3201
SR187322902,abu,m3202
SR187323857,x1,m3203
SR187323980,abu,m3204
SR187324712,abu,m3205
SR187324861,abu,m3206
SR187325278,abu,m3207
SR187325516,abu,m3208
SR187326160,abu,m3209
SR187326245,abu,m3210
SR187326743,abu,m3211
SR187327489,x1,m3212
SR187329492,abu,m3213
SR187329733,abu,m3214
SR187330072,abu,m3215
SR187330216,abu,m3216
SR187330796,abu,m3217
SR187331535,abu,m3218
SR187332147,x1,m3219
SR187332562,abu,m3220
SR187333419,abu,m3221
SR187333980,abu,m3222
SR187334505,abu,m3223
SR187334560,abu,m3224
SR187335627,abu,m3225
SR187335699,abu,m3226
SR187336053,abu,m3227
SR187336065,abu,m3228
SR187336261,abu,m3229
SR187336395,abu,m3230
SR187336725,abu,m3231
SR187337309,abu,m3232
SR187337674,abu,m3233
SR187337915,abu,m3234
SR187338806,abu,m3235
SR187339721,abu,m3236
SR187340346,abu,m3237
SR187340353,abu,m3238
SR187340589,abu,m3239
SR187340882,abu,m3240
SR187341290,abu,m3241
SR187341291,abu,m3242
SR187341370,abu,m3243
SR187341384,abu,m3244
SR187341598,abu,m3245
SR187341963,abu,m3246
SR187342341,abu,m3247
SR187342971,abu,m3248
SR187343369,abu,m3249
SR187343894,abu,m3250
SR187344094,abu,m3251
SR187344392,abu,m3252
SR187344473,abu,m3253
SR187346262,abu,m3254
SR187346514,abu,m3255
SR187346951,abu,m3256
SR187347070,abu,m3257
SR187347220,abu,m3258
SR187347275,apj,m3259
SR187347643,abu,m3260
SR187348632,abu,m3261
SR187349509,x1,m3262
SR187361992,apj,m3263
SR187362686,apj,m3264
SR187363506,apj,m3265
SR187363954,apj,m3266
SR187365246,apj,m3267
SR187367734,x1,m3268
SR187374243,apj,m3269
SR187377667,apj,m3270
SR187378185,x1,m3271
SR187378268,x1,m3272
SR187378981,x1,m3273
SR187379420,x1,m3274
SR187380019,x1,m3275
SR187380019,x1,m3276
SR187380107,x1,m3277
SR187381224,x1,m3278
SR187381301,x1,m3279
SR187381535,x1,m3280
SR187382271,apj,m3281
SR187382635,x1,m3282
SR187382698,apj,m3283
SR187382727,apj,m3284
SR187382768,apj,m3285
SR187383109,apj,m3286
SR187383208,apj,m3287
SR187383571,apj,m3288
SR187384174,apj,m3289
SR187384240,apj,m3290
SR187386034,apj,m3291
SR187387511,apj,m3292
SR187387909,apj,m3293
SR187389315,apj,m3294
SR187389450,x1,m3295
SR187389519,apj,m3296
SR187389954,x1,m3297
SR187392583,x1,m3298
SR187392694,abu,m3299
SR187393074,apj,m3300
SR187394615,abu,m3301
SR187396236,abu,m3302
SR187397922,abu,m3303
SR187398593,abu,m3304
SR187399516,abu,m3305
SR187400123,x1,m3306
SR187401808,abu,m3307
SR187402036,abu,m3308
SR187402450,abu,m3309
SR187403693,abu,m3310
SR187403946,x1,m3311
SR187403995,abu,m3312
SR187404409,abu,m3313
SR187404409,abu,m3314
SR187405222,abu,m3315
SR187406285,abu,m3316
SR187406390,abu,m3317
SR187406396,abu,m3318
SR187406976,abu,m3319
SR187408254,abu,m3320
SR187408854,abu,m3321
SR187409510,abu,m3322
SR187410000,abu,m3323
SR187410706,abu,m3324
SR187413394,abu,m3325
SR187414189,abu,m3326
SR187415106,abu,m3327
SR187415147,abu,m3328
SR187415165,abu,m3329
SR187416074,abu,m3330
SR187416144,abu,m3331
SR187416511,abu,m3332
SR187416744,abu,m3333
SR187416868,abu,m3334
SR187417611,abu,m3335
SR187417685,abu,m3336
SR187418055,abu,m3337
SR187418605,abu,m3338
SR187418833,abu,m3339
SR187419378,abu,m3340
SR187419597,abu,m3341
SR187419756,abu,m3342
SR187419821,abu,m3343
SR187421838,abu,m3344
SR187421991,abu,m3345
SR187422447,abu,m3346
SR187422731,abu,m3347
SR187423090,abu,m3348
SR187423583,abu,m3349
SR187424081,abu,m3350
SR187424292,abu,m3351
SR187424312,abu,m3352
SR187424474,abu,m3353
SR187424990,abu,m3354
SR187425135,abu,m3355
SR187425268,abu,m3356
SR187425610,abu,m3357
SR187426499,abu,m3358
SR187426914,abu,m3359
SR187427336,abu,m3360
SR187427387,abu,m3361
SR187427473,abu,m3362
SR187427516,abu,m3363
SR187429215,abu,m3364
SR187429299,abu,m3365
SR187429431,abu,m3366
SR187429431,abu,m3367
SR187429538,abu,m3368
SR187429598,abu,m3369
SR187444721,apj,m3370
SR187444992,apj,m3371
SR187445502,apj,m3372
SR187446238,x1,m3373
SR187449447,apj,m3374
SR187449648,apj,m3375
SR187451448,x1,m3376
SR187452051,x1,m3377
SR187452237,x1,m3378
SR187452645,apj,m3379
SR187452847,x1,m3380
SR187454296,x1,m3381
SR187455723,apj,m3382
SR187457160,apj,m3383
SR187457768,apj,m3384
SR187458596,apj,m3385
SR187459645,x1,m3386
SR187460360,apj,m3387
SR187460651,x1,m3388
SR187460687,x1,m3389
SR187462722,x1,m3390
SR187462933,apj,m3391
SR187463351,x1,m3392
SR187463393,apj,m3393
SR187463784,apj,m3394
SR187464149,apj,m3395
SR187464224,x1,m3396
SR187464734,apj,m3397
SR187465139,apj,m3398
SR187465646,x1,m3399
SR187465714,x1,m3400
SR187465935,apj,m3401
SR187466725,x1,m3402
SR187467452,x1,m3403
SR187468307,apj,m3404
SR187468447,x1,m3405
SR187468709,x1,m3406
SR187470177,x1,m3407
SR187470180,x1,m3408
SR187471198,abu,m3409
SR187471378,x1,m3410
SR187472622,x1,m3411
SR187472727,x1,m3412
SR187473522,x1,m3413
SR187474278,abu,m3414
SR187476400,x1,m3415
SR187477777,abu,m3416
SR187478614,abu,m3417
SR187479291,abu,m3418
SR187479623,abu,m3419
SR187480578,abu,m3420
SR187480881,abu,m3421
SR187482500,abu,m3422
SR187483048,abu,m3423
SR187483881,abu,m3424
SR187484317,abu,m3425
SR187484913,abu,m3426
SR187485468,abu,m3427
SR187485886,abu,m3428
SR187486781,abu,m3429
SR187486835,abu,m3430
SR187487013,abu,m3431
SR187487090,abu,m3432
SR187487263,abu,m3433
SR187487431,abu,m3434
SR187488168,abu,m3435
SR187488770,abu,m3436
SR187490695,abu,m3437
SR187490850,abu,m3438
SR187491081,abu,m3439
SR187491357,abu,m3440
SR187491500,abu,m3441
SR187492829,abu,m3442
SR187494315,abu,m3443
SR187494470,abu,m3444
SR187494635,abu,m3445
SR187494724,abu,m3446
SR187495043,abu,m3447
SR187495381,abu,m3448
SR187495435,abu,m3449
SR187495604,abu,m3450
SR187496352,abu,m3451
SR187496531,abu,m3452
SR187496621,abu,m3453
SR187496977,abu,m3454
SR187497527,abu,m3455
SR187497824,abu,m3456
SR187497980,abu,m3457
SR187498110,abu,m3458
SR187498580,abu,m3459
SR187499071,abu,m3460
SR187500397,abu,m3461
SR187501193,abu,m3462
SR187501233,abu,m3463
SR187501294,abu,m3464
SR187501316,abu,m3465
SR187501400,abu,m3466
SR187501440,abu,m3467
SR187501479,abu,m3468
SR187501516,abu,m3469
SR187502481,abu,m3470
SR187502604,abu,m3471
SR187502633,abu,m3472
SR187502667,abu,m3473
SR187502722,abu,m3474
SR187502865,abu,m3475
SR187502921,abu,m3476
SR187502926,abu,m3477
SR187503172,abu,m3478
SR187503435,abu,m3479
SR187503887,abu,m3480
SR187503971,abu,m3481
SR187504497,abu,m3482
SR187593623,apj,m3483
SR187599960,abu,m3484
SR187600253,x1,m3485
SR187607890,abu,m3486
SR187612782,apj,m3487
SR187633320,apj,m3488
SR187634408,apj,m3489
SR187635095,apj,m3490
SR187635502,apj,m3491
SR187636749,apj,m3492
SR187636781,x1,m3493
SR187637036,x1,m3494
SR187640309,apj,m3495
SR187640333,apj,m3496
SR187641192,apj,m3497
SR187645469,apj,m3498
SR187647475,apj,m3499
SR187649666,apj,m3500
SR187650831,x1,m3501
SR187653337,apj,m3502
SR187653637,apj,m3503
SR187653639,x1,m3504
SR187653639,x1,m3505
SR187654362,x1,m3506
SR187655013,x1,m3507
SR187655080,x1,m3508
SR187657159,apj,m3509
SR187657454,x1,m3510
SR187657783,apj,m3511
SR187658485,apj,m3512
SR187659341,x1,m3513
SR187660506,x1,m3514
SR187661383,x1,m3515
SR187661802,apj,m3516
SR187662414,x1,m3517
SR187664602,x1,m3518
SR187666483,x1,m3519
SR187667354,abu,m3520
SR187668124,x1,m3521
SR187669361,x1,m3522
SR187671127,apj,m3523
SR187672515,abu,m3524
SR187672706,x1,m3525
SR187673589,abu,m3526
SR187676775,abu,m3527
SR187678548,abu,m3528
SR187679128,abu,m3529
SR187679599,x1,m3530
SR187680134,abu,m3531
SR187680551,abu,m3532
SR187680560,abu,m3533
SR187681151,abu,m3534
SR187681151,abu,m3535
SR187681471,abu,m3536
SR187681858,abu,m3537
SR187682130,abu,m3538
SR187682699,abu,m3539
SR187683579,abu,m3540
SR187683709,abu,m3541
SR187686762,abu,m3542
SR187686795,abu,m3543
SR187687160,abu,m3544
SR187687337,abu,m3545
SR187687574,apj,m3546
SR187688503,abu,m3547
SR187688628,abu,m3548
SR187689153,abu,m3549
SR187689318,abu,m3550
SR187691016,abu,m3551
SR187691538,abu,m3552
SR187691549,abu,m3553
SR187691777,abu,m3554
SR187692013,abu,m3555
SR187692181,abu,m3556
SR187692208,abu,m3557
SR187692484,abu,m3558
SR187693385,abu,m3559
SR187694168,abu,m3560
SR187695383,abu,m3561
SR187696226,abu,m3562
SR187696328,abu,m3563
SR187696392,abu,m3564
SR187696392,abu,m3565
SR187696738,abu,m3566
SR187696925,abu,m3567
SR187697282,abu,m3568
SR187697414,abu,m3569
SR187697455,abu,m3570
SR187698186,abu,m3571
SR187698718,abu,m3572
SR187698922,abu,m3573
SR187698938,abu,m3574
SR187699026,abu,m3575
SR187699275,abu,m3576
SR187699623,abu,m3577
SR187699719,abu,m3578
SR187699891,abu,m3579
SR187700185,abu,m3580
SR187700232,abu,m3581
SR187701052,abu,m3582
SR187701448,abu,m3583
SR187701761,abu,m3584
SR187701825,abu,m3585
SR187702068,abu,m3586
SR187702337,abu,m3587
SR187702540,abu,m3588
SR187702632,abu,m3589
SR187703102,abu,m3590
SR187703108,abu,m3591
SR187703197,abu,m3592
SR187703329,abu,m3593
SR187703353,abu,m3594
SR187716729,apj,m3595
SR187717431,apj,m3596
SR187717431,apj,m3597
SR187719161,apj,m3598
SR187721427,apj,m3599
SR187725428,apj,m3600
SR187726011,apj,m3601
SR187728253,x1,m3602
SR187728626,x1,m3603
SR187732803,x1,m3604
SR187736954,x1,m3605
SR187739043,apj,m3606
SR187739175,apj,m3607
SR187739492,apj,m3608
SR187740520,x1,m3609
SR187740978,x1,m3610
SR187742281,x1,m3611
SR187743118,x1,m3612
SR187745340,x1,m3613
SR187747311,x1,m3614
SR187747699,apj,m3615
SR187751995,apj,m3616
SR187753797,abu,m3617
SR187753999,x1,m3618
SR187754969,abu,m3619
SR187755342,abu,m3620
SR187755788,abu,m3621
SR187756638,abu,m3622
SR187757315,abu,m3623
SR187758295,abu,m3624
SR187758473,abu,m3625
SR187758717,abu,m3626
SR187758798,x1,m3627
SR187759453,abu,m3628
SR187760280,abu,m3629
SR187760923,abu,m3630
SR187761345,abu,m3631
SR187761417,x1,m3632
SR187762111,abu,m3633
SR187762893,apj,m3634
SR187763967,abu,m3635
SR187766530,abu,m3636
SR187767785,abu,m3637
SR187768639,abu,m3638
SR187769233,abu,m3639
SR187769895,abu,m3640
SR187770315,abu,m3641
SR187770991,abu,m3642
SR187771087,abu,m3643
SR187771254,abu,m3644
SR187771265,abu,m3645
SR187771429,abu,m3646
SR187771821,abu,m3647
SR187771833,abu,m3648
SR187772364,abu,m3649
SR187772496,abu,m3650
SR187773218,abu,m3651
SR187774674,abu,m3652
SR187774714,abu,m3653
SR187774831,abu,m3654
SR187774865,abu,m3655
SR187774961,abu,m3656
SR187776497,abu,m3657
SR187776684,abu,m3658
SR187777468,abu,m3659
SR187777560,abu,m3660
SR187777657,abu,m3661
SR187777675,abu,m3662
SR187777725,abu,m3663
SR187778158,abu,m3664
SR187778433,abu,m3665
SR187778713,abu,m3666
SR187778732,abu,m3667
SR187778753,abu,m3668
SR187779291,abu,m3669
SR187779321,abu,m3670
SR187779365,abu,m3671
SR187779371,abu,m3672
SR187781645,abu,m3673
SR187781960,abu,m3674
SR187782339,abu,m3675
SR187782439,abu,m3676
SR187795661,apj,m3677
SR187795720,apj,m3678
SR187796976,apj,m3679
SR187798010,apj,m3680
SR187798732,apj,m3681
SR187799656,apj,m3682
SR187800801,x1,m3683
SR187802751,x1,m3684
SR187803812,apj,m3685
SR187804274,x1,m3686
SR187804952,x1,m3687
SR187808098,x1,m3688
SR187808794,x1,m3689
SR187813275,apj,m3690
SR187816067,apj,m3691
SR187816198,x1,m3692
SR187816289,apj,m3693
SR187816698,apj,m3694
SR187817001,apj,m3695
SR187817039,apj,m3696
SR187817717,apj,m3697
SR187819514,x1,m3698
SR187820115,x1,m3699
SR187820653,x1,m3700
SR187822146,abu,m3701
SR187823167,apj,m3702
SR187824186,x1,m3703
SR187825287,x1,m3704
SR187827644,x1,m3705
SR187827819,abu,m3706
SR187828774,apj,m3707
SR187831758,abu,m3708
SR187832240,abu,m3709
SR187832289,x1,m3710
SR187832521,abu,m3711
SR187832815,abu,m3712
SR187833453,abu,m3713
SR187833626,abu,m3714
SR187834666,abu,m3715
SR187834937,abu,m3716
SR187835949,x1,m3717
SR187836229,apj,m3718
SR187836349,abu,m3719
SR187836711,abu,m3720
SR187837271,abu,m3721
SR187837702,abu,m3722
SR187837788,abu,m3723
SR187838499,abu,m3724
SR187839163,abu,m3725
SR187839711,apj,m3726
SR187842157,abu,m3727
SR187843300,abu,m3728
SR187844013,abu,m3729
SR187844395,abu,m3730
SR187844581,abu,m3731
SR187844749,abu,m3732
SR187845322,abu,m3733
SR187845810,abu,m3734
SR187845816,abu,m3735
SR187847099,abu,m3736
SR187847650,abu,m3737
SR187848471,abu,m3738
SR187848933,abu,m3739
SR187849244,abu,m3740
SR187850642,abu,m3741
SR187852045,abu,m3742
SR187852164,abu,m3743
SR187852419,abu,m3744
SR187853608,abu,m3745
SR187853679,abu,m3746
SR187854279,abu,m3747
SR187857396,x1,m3748
SR187859759,x1,m3749
SR187860889,apj,m3750
SR187862409,apj,m3751
SR187862791,apj,m3752
SR187867388,apj,m3753
SR187870117,apj,m3754
SR187871782,apj,m3755
SR187872287,x1,m3756
SR187872605,apj,m3757
SR187872951,apj,m3758
SR187873019,x1,m3759
SR187873569,x1,m3760
SR187874301,x1,m3761
SR187874449,x1,m3762
SR187874553,x1,m3763
SR187874579,x1,m3764
SR187874853,apj,m3765
SR187881249,x1,m3766
SR187881536,x1,m3767
SR187881939,apj,m3768
SR187881950,apj,m3769
SR187882120,apj,m3770
SR187884012,apj,m3771
SR187884112,apj,m3772
SR187884210,apj,m3773
SR187884238,apj,m3774
SR187884296,apj,m3775
SR187884677,x1,m3776
SR187884802,x1,m3777
SR187885000,abu,m3778
SR187885469,x1,m3779
SR187886350,apj,m3780
SR187888055,x1,m3781
SR187888228,x1,m3782
SR187888735,apj,m3783
SR187889113,apj,m3784
SR187889263,apj,m3785
SR187889690,apj,m3786
SR187889885,x1,m3787
SR187890464,abu,m3788
SR187890581,x1,m3789
SR187890721,abu,m3790
SR187890879,x1,m3791
SR187891225,abu,m3792
SR187891417,abu,m3793
SR187892275,abu,m3794
SR187892892,abu,m3795
SR187892979,abu,m3796
SR187893079,abu,m3797
SR187893829,abu,m3798
SR187894416,abu,m3799
SR187894619,abu,m3800
SR187895253,abu,m3801
SR187896859,abu,m3802
SR187897091,abu,m3803
SR187897118,abu,m3804
SR187897142,abu,m3805
SR187897413,abu,m3806
SR187897732,abu,m3807
SR187897973,abu,m3808
SR187898148,abu,m3809
SR187898303,abu,m3810
SR187898440,abu,m3811
SR187898804,abu,m3812
SR187899373,abu,m3813
SR187899689,abu,m3814
SR187899926,abu,m3815
SR187899951,abu,m3816
SR187899951,abu,m3817
SR187899951,abu,m3818
SR187899951,abu,m3819
SR187899951,abu,m3820
SR187901464,abu,m3821
SR187901766,abu,m3822
SR187902187,abu,m3823
SR187902267,abu,m3824
SR187902612,abu,m3825
SR187902666,abu,m3826
SR187902759,abu,m3827
SR187902928,abu,m3828
SR187903015,abu,m3829
SR187903372,abu,m3830
SR187904691,x1,m3831
SR187910504,apj,m3832
SR187913045,apj,m3833
SR187913672,apj,m3834
SR187913672,apj,m3835
SR187916415,apj,m3836
SR187945000,apj,m3837
SR187949817,apj,m3838
SR187954826,x1,m3839
SR187959121,x1,m3840
SR187960103,x1,m3841
SR187962915,apj,m3842
SR187964714,x1,m3843
SR187965697,apj,m3844
SR187965952,apj,m3845
SR187966018,x1,m3846
SR187966539,x1,m3847
SR187966646,x1,m3848
SR187967188,x1,m3849
SR187967246,x1,m3850
SR187972600,x1,m3851
SR187973464,x1,m3852
SR187974727,apj,m3853
SR187980220,abu,m3854
SR187982493,x1,m3855
SR187982803,abu,m3856
SR187982873,abu,m3857
SR187983286,abu,m3858
SR187983738,apj,m3859
SR187984173,abu,m3860
SR187985436,abu,m3861
SR187987345,abu,m3862
SR187988067,abu,m3863
SR187989658,abu,m3864
SR187989775,abu,m3865
SR187992094,abu,m3866
SR187992622,abu,m3867
SR187993131,abu,m3868
SR187996434,abu,m3869
SR187997018,abu,m3870
SR187997486,abu,m3871
SR187997954,abu,m3872
SR187998182,abu,m3873
SR187998846,abu,m3874
SR187999382,abu,m3875
SR188000549,abu,m3876
SR188001466,abu,m3877
SR188001551,abu,m3878
SR188002151,abu,m3879
SR188002233,abu,m3880
SR188002435,abu,m3881
SR188015888,x1,m3882
SR188015909,x1,m3883
SR188020327,apj,m3884
SR188021200,apj,m3885
SR188021534,x1,m3886
SR188023171,x1,m3887
SR188023908,apj,m3888
SR188024934,x1,m3889
SR188025422,x1,m3890
SR188026144,x1,m3891
SR188026258,x1,m3892
SR188026483,apj,m3893
SR188026999,apj,m3894
SR188028163,x1,m3895
SR188030444,x1,m3896
SR188030781,x1,m3897
SR188036233,x1,m3898
SR188037524,x1,m3899
SR188037896,x1,m3900
SR188039833,x1,m3901
SR188039995,apj,m3902
SR188040768,apj,m3903
SR188041600,x1,m3904
SR188043430,x1,m3905
SR188044791,x1,m3906
SR188045611,x1,m3907
SR188046069,x1,m3908
SR188046069,x1,m3909
SR188047348,x1,m3910
SR188047489,x1,m3911
SR188047523,x1,m3912
SR188048814,apj,m3913
SR188049665,x1,m3914
SR188050688,x1,m3915
SR188053118,x1,m3916
SR188054291,x1,m3917
SR188055682,x1,m3918
SR188058869,abu,m3919
SR188059267,abu,m3920
SR188060042,x1,m3921
SR188061308,abu,m3922
SR188061489,x1,m3923
SR188064369,abu,m3924
SR188065177,abu,m3925
SR188065588,abu,m3926
SR188065784,abu,m3927
SR188068345,abu,m3928
SR188068483,abu,m3929
SR188068790,abu,m3930
SR188068947,abu,m3931
SR188069855,abu,m3932
SR188070324,abu,m3933
SR188070898,abu,m3934
SR188071571,abu,m3935
SR188073364,abu,m3936
SR188073415,abu,m3937
SR188074240,abu,m3938
SR188074637,abu,m3939
SR188074871,abu,m3940
SR188074950,abu,m3941
SR188075492,abu,m3942
SR188076457,abu,m3943
SR188077841,abu,m3944
SR188077996,abu,m3945
SR188078804,abu,m3946
SR188079024,abu,m3947
SR188079177,abu,m3948
SR188079349,abu,m3949
SR188079586,abu,m3950
SR188080076,abu,m3951
SR188080134,abu,m3952
SR188080135,abu,m3953
SR188080208,abu,m3954
SR188080386,abu,m3955
SR188080511,abu,m3956
SR188080625,abu,m3957
SR188082253,abu,m3958
SR188082365,abu,m3959
SR188082420,abu,m3960
SR188082882,abu,m3961
SR188083015,abu,m3962
SR188083034,abu,m3963
SR188083377,abu,m3964
SR188083402,abu,m3965
SR188083447,abu,m3966
SR188083655,abu,m3967
SR188083807,abu,m3968
SR188085192,abu,m3969
SR188095910,apj,m3970
SR188097095,apj,m3971
SR188103031,apj,m3972
SR188104370,apj,m3973
SR188105189,apj,m3974
SR188106384,x1,m3975
SR188106384,x1,m3976
SR188106924,abu,m3977
SR188108457,apj,m3978
SR188108470,apj,m3979
SR188111553,x1,m3980
SR188112171,x1,m3981
SR188112171,x1,m3982
SR188116750,x1,m3983
SR188119061,x1,m3984
SR188120558,x1,m3985
SR188122113,apj,m3986
SR188122482,x1,m3987
SR188122646,apj,m3988
SR188122928,x1,m3989
SR188124949,x1,m3990
SR188126020,x1,m3991
SR188127726,x1,m3992
SR188129221,x1,m3993
SR188129367,x1,m3994
SR188129906,x1,m3995
SR188130515,x1,m3996
SR188130515,x1,m3997
SR188130959,x1,m3998
SR188131057,apj,m3999
SR188131792,x1,m4000
SR188132103,x1,m4001
SR188132150,apj,m4002
SR188133401,apj,m4003
SR188135179,x1,m4004
SR188138828,abu,m4005
SR188140554,abu,m4006
SR188141642,abu,m4007
SR188142194,abu,m4008
SR188143536,abu,m4009
SR188143986,abu,m4010
SR188144277,abu,m4011
SR188145000,abu,m4012
SR188145241,apj,m4013
SR188145406,abu,m4014
SR188145674,abu,m4015
SR188149622,abu,m4016
SR188149625,abu,m4017
SR188149887,abu,m4018
SR188150520,abu,m4019
SR188150736,abu,m4020
SR188150766,abu,m4021
SR188151551,abu,m4022
SR188151580,abu,m4023
SR188153689,abu,m4024
SR188153810,abu,m4025
SR188153916,abu,m4026
SR188154641,abu,m4027
SR188155426,abu,m4028
SR188155900,abu,m4029
SR188156118,abu,m4030
SR188156177,abu,m4031
SR188156716,abu,m4032
SR188157227,abu,m4033
SR188157578,abu,m4034
SR188158125,abu,m4035
SR188158689,abu,m4036
SR188158870,abu,m4037
SR188158954,abu,m4038
SR188159023,abu,m4039
SR188159101,abu,m4040
SR188159524,abu,m4041
SR188159524,abu,m4042
SR188159875,abu,m4043
SR188159977,abu,m4044
SR188160071,abu,m4045
SR188160178,abu,m4046
SR188160239,abu,m4047
SR188160239,abu,m4048
SR188160527,abu,m4049
SR188160611,abu,m4050
SR188161069,abu,m4051
SR188161992,abu,m4052
SR188162187,abu,m4053
SR188162245,abu,m4054
SR188162420,abu,m4055
SR188162450,abu,m4056
SR188162452,abu,m4057
SR188162593,abu,m4058
SR188162756,abu,m4059
SR188162784,abu,m4060
SR188163220,abu,m4061
SR188163274,abu,m4062
SR188163676,abu,m4063
SR188164881,abu,m4064
SR188165399,abu,m4065
SR188169319,apj,m4066
SR188173831,apj,m4067
SR188175779,apj,m4068
SR188176231,apj,m4069
SR188178449,x1,m4070
SR188180924,apj,m4071
SR188182561,apj,m4072
SR188183214,x1,m4073
SR188183720,x1,m4074
SR188186015,x1,m4075
SR188186450,x1,m4076
SR188188191,x1,m4077
SR188189547,apj,m4078
SR188193490,apj,m4079
SR188193930,apj,m4080
SR188193999,apj,m4081
SR188194036,apj,m4082
SR188194104,apj,m4083
SR188195492,x1,m4084
SR188195655,apj,m4085
SR188199416,x1,m4086
SR188201880,x1,m4087
SR188201880,x1,m4088
SR188209333,x1,m4089
SR188210027,abu,m4090
SR188210431,abu,m4091
SR188210998,abu,m4092
SR188211326,abu,m4093
SR188212738,abu,m4094
SR188213123,abu,m4095
SR188213299,x1,m4096
SR188213376,abu,m4097
SR188214883,abu,m4098
SR188215036,abu,m4099
SR188216177,abu,m4100
SR188216348,abu,m4101
SR188217233,abu,m4102
SR188217283,abu,m4103
SR188217640,abu,m4104
SR188218156,abu,m4105
SR188218809,abu,m4106
SR188218864,abu,m4107
SR188219197,abu,m4108
SR188219207,abu,m4109
SR188220659,abu,m4110
SR188221002,abu,m4111
SR188221216,apj,m4112
SR188221437,abu,m4113
SR188221551,abu,m4114
SR188224778,abu,m4115
SR188225262,abu,m4116
SR188226309,abu,m4117
SR188226437,abu,m4118
SR188227025,abu,m4119
SR188227316,abu,m4120
SR188227733,abu,m4121
SR188228608,abu,m4122
SR188228816,abu,m4123
SR188228926,abu,m4124
SR188229173,abu,m4125
SR188229665,abu,m4126
SR188229935,abu,m4127
SR188230844,abu,m4128
SR188230909,abu,m4129
SR188231082,abu,m4130
SR188231218,abu,m4131
SR188231269,abu,m4132
SR188231443,abu,m4133
SR188231449,abu,m4134
SR188231463,abu,m4135
SR188231580,abu,m4136
SR188231625,abu,m4137
SR188231823,abu,m4138
SR188231928,abu,m4139
SR188232498,abu,m4140
SR188232503,abu,m4141
SR188232980,abu,m4142
SR188233657,abu,m4143
SR188233826,abu,m4144
SR188233876,abu,m4145
SR188234064,abu,m4146
SR188234225,abu,m4147
SR188234529,abu,m4148
SR188235839,abu,m4149
SR188235953,abu,m4150
SR188237060,abu,m4151
SR188237554,abu,m4152
SR188237860,abu,m4153
SR188237900,abu,m4154
SR188237930,abu,m4155
SR188237993,abu,m4156
SR188238044,abu,m4157
SR188244939,abu,m4158
SR188246325,apj,m4159
SR188250016,apj,m4160
SR188250551,apj,m4161
SR188252313,apj,m4162
SR188252589,x1,m4163
SR188253374,apj,m4164
SR188253521,x1,m4165
SR188253933,x1,m4166
SR188253984,x1,m4167
SR188254707,apj,m4168
SR188254965,x1,m4169
SR188255167,apj,m4170
SR188255967,x1,m4171
SR188256465,x1,m4172
SR188257765,x1,m4173
SR188258093,x1,m4174
SR188258172,apj,m4175
SR188260476,x1,m4176
SR188260492,x1,m4177
SR188261283,apj,m4178
SR188261600,x1,m4179
SR188261889,x1,m4180
SR188262155,x1,m4181
SR188262639,x1,m4182
SR188263143,x1,m4183
SR188263569,apj,m4184
SR188263931,x1,m4185
SR188264346,x1,m4186
SR188264635,apj,m4187
SR188265293,apj,m4188
SR188265323,apj,m4189
SR188266996,x1,m4190
SR188267771,x1,m4191
SR188267889,x1,m4192
SR188268745,apj,m4193
SR188269091,x1,m4194
SR188269431,x1,m4195
SR188270052,x1,m4196
SR188270327,apj,m4197
SR188270894,x1,m4198
SR188271315,x1,m4199
SR188271429,x1,m4200
SR188272414,apj,m4201
SR188273174,x1,m4202
SR188273523,x1,m4203
SR188273870,x1,m4204
SR188274087,x1,m4205
SR188274975,x1,m4206
SR188277361,abu,m4207
SR188279468,abu,m4208
SR188280838,abu,m4209
SR188283675,abu,m4210
SR188283916,abu,m4211
SR188284011,abu,m4212
SR188284094,abu,m4213
SR188284836,abu,m4214
SR188285118,abu,m4215
SR188285729,abu,m4216
SR188286310,abu,m4217
SR188287028,abu,m4218
SR188287352,abu,m4219
SR188287382,abu,m4220
SR188287513,abu,m4221
SR188287573,abu,m4222
SR188288194,abu,m4223
SR188288769,abu,m4224
SR188290328,abu,m4225
SR188290614,abu,m4226
SR188290809,abu,m4227
SR188290881,abu,m4228
SR188290914,abu,m4229
SR188291473,abu,m4230
SR188292264,abu,m4231
SR188292843,abu,m4232
SR188293417,abu,m4233
SR188293557,abu,m4234
SR188293588,abu,m4235
SR188293934,abu,m4236
SR188294102,abu,m4237
SR188294332,abu,m4238
SR188294373,abu,m4239
SR188294544,abu,m4240
SR188294860,abu,m4241
SR188294913,abu,m4242
SR188295133,abu,m4243
SR188295194,abu,m4244
SR188295414,abu,m4245
SR188295649,abu,m4246
SR188295701,abu,m4247
SR188295703,abu,m4248
SR188296003,abu,m4249
SR188296057,abu,m4250
SR188296128,abu,m4251
SR188296153,abu,m4252
SR188296195,abu,m4253
SR188296291,abu,m4254
SR188296852,apj,m4255
SR188298124,abu,m4256
SR188298395,abu,m4257
SR188298442,abu,m4258
SR188298489,abu,m4259
SR188298866,abu,m4260
SR188298948,abu,m4261
SR188299338,abu,m4262
SR188299349,abu,m4263
SR188299671,abu,m4264
SR188300838,abu,m4265
SR188308391,apj,m4266
SR188313368,apj,m4267
SR188315603,abu,m4268
SR188317932,abu,m4269
SR188350178,x1,m4270
SR188357633,x1,m4271
SR188362452,apj,m4272
SR188363635,x1,m4273
SR188363635,x1,m4274
SR188365984,apj,m4275
SR188366224,apj,m4276
SR188374133,apj,m4277
SR188375474,apj,m4278
SR188381069,x1,m4279
SR188384898,x1,m4280
SR188386288,x1,m4281
SR188387448,apj,m4282
SR188396320,abu,m4283
SR188399507,x1,m4284
SR188402609,apj,m4285
SR188404797,abu,m4286
SR188404805,abu,m4287
SR188405768,abu,m4288
SR188406204,abu,m4289
SR188406416,abu,m4290
SR188406701,abu,m4291
SR188406834,abu,m4292
SR188407257,abu,m4293
SR188408650,abu,m4294
SR188408886,abu,m4295
SR188408911,abu,m4296
SR188409442,abu,m4297
SR188409691,abu,m4298
SR188409746,abu,m4299
SR188409854,abu,m4300
SR188410813,abu,m4301
SR188411036,abu,m4302
SR188411743,abu,m4303
SR188412339,abu,m4304
SR188412502,abu,m4305
SR188412520,abu,m4306
SR188412711,abu,m4307
SR188412733,abu,m4308
SR188412826,abu,m4309
SR188413075,abu,m4310
SR188413095,abu,m4311
SR188413564,abu,m4312
SR188414523,abu,m4313
SR188415031,abu,m4314
SR188416301,abu,m4315
SR188416398,abu,m4316
SR188416597,abu,m4317
SR188416845,abu,m4318
SR188416851,abu,m4319
SR188417246,abu,m4320
SR188417558,abu,m4321
SR188417644,abu,m4322
SR188418683,abu,m4323
SR188419291,abu,m4324
SR188419298,abu,m4325
SR188419342,abu,m4326
SR188419704,abu,m4327
SR188420187,abu,m4328
SR188420636,abu,m4329
SR188420684,abu,m4330
SR188440187,x1,m4331
SR188440187,x1,m4332
SR188455597,x1,m4333
SR188457018,x1,m4334
SR188459729,x1,m4335
SR188469546,apj,m4336
SR188476628,x1,m4337
SR188477170,x1,m4338
SR188487124,x1,m4339
SR188504067,apj,m4340
SR188507318,x1,m4341
SR188507765,apj,m4342
SR188510106,apj,m4343
SR188510505,x1,m4344
SR188510941,apj,m4345
SR188512360,x1,m4346
SR188512509,apj,m4347
SR188512535,x1,m4348
SR188512697,x1,m4349
SR188514314,apj,m4350
SR188515379,x1,m4351
SR188515916,x1,m4352
SR188516591,x1,m4353
SR188519236,apj,m4354
SR188519470,x1,m4355
SR188521553,x1,m4356
SR188522615,apj,m4357
SR188523800,x1,m4358
SR188524366,x1,m4359
SR188526210,x1,m4360
SR188526274,x1,m4361
SR188526807,x1,m4362
SR188526865,x1,m4363
SR188526970,apj,m4364
SR188527543,x1,m4365
SR188528418,apj,m4366
SR188528531,apj,m4367
SR188528609,apj,m4368
SR188528636,apj,m4369
SR188528723,apj,m4370
SR188528839,apj,m4371
SR188528981,apj,m4372
SR188529011,apj,m4373
SR188529227,apj,m4374
SR188529794,apj,m4375
SR188529999,apj,m4376
SR188530248,apj,m4377
SR188531221,x1,m4378
SR188531248,x1,m4379
SR188531296,x1,m4380
SR188531304,apj,m4381
SR188532941,x1,m4382
SR188533803,x1,m4383
SR188534603,x1,m4384
SR188535786,x1,m4385
SR188536894,x1,m4386
SR188537013,x1,m4387
SR188538184,x1,m4388
SR188538841,apj,m4389
SR188540337,abu,m4390
SR188540603,abu,m4391
SR188542598,apj,m4392
SR188543851,abu,m4393
SR188545003,abu,m4394
SR188547511,abu,m4395
SR188547511,abu,m4396
SR188548555,abu,m4397
SR188548707,abu,m4398
SR188549348,abu,m4399
SR188549437,x1,m4400
SR188549508,abu,m4401
SR188550166,abu,m4402
SR188550743,abu,m4403
SR188550793,abu,m4404
SR188550793,x1,m4405
SR188550868,abu,m4406
SR188551383,abu,m4407
SR188551466,abu,m4408
SR188551708,abu,m4409
SR188552182,apj,m4410
SR188552192,abu,m4411
SR188552839,abu,m4412
SR188554805,abu,m4413
SR188555058,abu,m4414
SR188555161,abu,m4415
SR188555229,abu,m4416
SR188555382,abu,m4417
SR188555793,abu,m4418
SR188555827,abu,m4419
SR188555986,abu,m4420
SR188556415,abu,m4421
SR188556511,abu,m4422
SR188556835,abu,m4423
SR188556915,abu,m4424
SR188558353,abu,m4425
SR188558654,abu,m4426
SR188559283,abu,m4427
SR188559793,abu,m4428
SR188560413,abu,m4429
SR188560699,abu,m4430
SR188560971,abu,m4431
SR188561011,abu,m4432
SR188561133,abu,m4433
SR188561318,abu,m4434
SR188561555,x1,m4435
SR188562119,abu,m4436
SR188562954,abu,m4437
SR188563198,abu,m4438
SR188563533,abu,m4439
SR188563533,abu,m4440
SR188563589,abu,m4441
SR188563887,abu,m4442
SR188564182,abu,m4443
SR188564191,abu,m4444
SR188564450,abu,m4445
SR188564607,abu,m4446
SR188564756,abu,m4447
SR188565209,abu,m4448
SR188566933,abu,m4449
SR188567082,abu,m4450
SR188567085,abu,m4451
SR188567095,abu,m4452
SR188567358,abu,m4453
SR188567950,abu,m4454
SR188567992,abu,m4455
SR188568127,abu,m4456
SR188568143,abu,m4457
SR188568185,abu,m4458
SR188568198,abu,m4459
SR188568207,abu,m4460
SR188568467,abu,m4461
SR188580852,apj,m4462
SR188581614,x1,m4463
SR188583084,x1,m4464
SR188583918,abu,m4465
SR188583960,apj,m4466
SR188585698,x1,m4467
SR188586999,apj,m4468
SR188588070,abu,m4469
SR188588080,apj,m4470
SR188588080,apj,m4471
SR188588464,x1,m4472
SR188592062,x1,m4473
SR188592925,x1,m4474
SR188592925,x1,m4475
SR188595756,x1,m4476
SR188597582,x1,m4477
SR188598281,x1,m4478
SR188598798,apj,m4479
SR188600364,x1,m4480
SR188600374,apj,m4481
SR188600540,x1,m4482
SR188600574,x1,m4483
SR188600593,x1,m4484
SR188600714,apj,m4485
SR188600988,apj,m4486
SR188601365,x1,m4487
SR188601684,apj,m4488
SR188601749,apj,m4489
SR188601795,apj,m4490
SR188601802,x1,m4491
SR188601987,apj,m4492
SR188602050,x1,m4493
SR188603430,x1,m4494
SR188603763,x1,m4495
SR188604029,apj,m4496
SR188604868,x1,m4497
SR188605429,apj,m4498
SR188605526,x1,m4499
SR188607008,x1,m4500
SR188608745,apj,m4501
SR188610665,x1,m4502
SR188611491,x1,m4503
SR188611862,abu,m4504
SR188612308,abu,m4505
SR188614255,abu,m4506
SR188615489,abu,m4507
SR188616035,abu,m4508
SR188616207,abu,m4509
SR188616567,abu,m4510
SR188617965,abu,m4511
SR188619046,x1,m4512
SR188619046,x1,m4513
SR188619188,abu,m4514
SR188619582,abu,m4515
SR188619854,abu,m4516
SR188620984,abu,m4517
SR188621139,abu,m4518
SR188621883,abu,m4519
SR188621950,abu,m4520
SR188622007,abu,m4521
SR188622554,abu,m4522
SR188623083,abu,m4523
SR188623410,apj,m4524
SR188623945,abu,m4525
SR188624416,abu,m4526
SR188624614,abu,m4527
SR188624787,abu,m4528
SR188624995,abu,m4529
SR188626679,abu,m4530
SR188627224,abu,m4531
SR188627757,abu,m4532
SR188627866,abu,m4533
SR188628259,abu,m4534
SR188629054,abu,m4535
SR188629137,abu,m4536
SR188629692,abu,m4537
SR188630740,abu,m4538
SR188631156,abu,m4539
SR188631543,abu,m4540
SR188632233,abu,m4541
SR188632793,abu,m4542
SR188633631,abu,m4543
SR188634128,abu,m4544
SR188634358,abu,m4545
SR188634555,abu,m4546
SR188634595,abu,m4547
SR188634881,abu,m4548
SR188635075,abu,m4549
SR188635331,abu,m4550
SR188635862,abu,m4551
SR188636087,abu,m4552
SR188636141,abu,m4553
SR188636724,abu,m4554
SR188636884,abu,m4555
SR188637284,abu,m4556
SR188637414,abu,m4557
SR188637667,abu,m4558
SR188637916,abu,m4559
SR188637935,abu,m4560
SR188638265,abu,m4561
SR188638279,abu,m4562
SR188638625,abu,m4563
SR188638926,abu,m4564
SR188638976,abu,m4565
SR188639505,abu,m4566
SR188640202,abu,m4567
SR188640366,abu,m4568
SR188640380,abu,m4569
SR188651904,apj,m4570
SR188652464,apj,m4571
SR188652777,x1,m4572
SR188653948,apj,m4573
SR188653948,apj,m4574
SR188655381,apj,m4575
SR188655948,apj,m4576
SR188656905,x1,m4577
SR188656984,x1,m4578
SR188658038,apj,m4579
SR188658629,apj,m4580
SR188659196,x1,m4581
SR188659203,apj,m4582
SR188659381,apj,m4583
SR188659586,apj,m4584
SR188659626,x1,m4585
SR188660133,apj,m4586
SR188660197,x1,m4587
SR188661692,x1,m4588
SR188661896,apj,m4589
SR188662163,apj,m4590
SR188662373,apj,m4591
SR188662475,apj,m4592
SR188662594,x1,m4593
SR188664363,x1,m4594
SR188664928,apj,m4595
SR188665465,x1,m4596
SR188665767,x1,m4597
SR188666667,apj,m4598
SR188666718,x1,m4599
SR188666733,x1,m4600
SR188668588,apj,m4601
SR188668756,x1,m4602
SR188669279,apj,m4603
SR188669557,apj,m4604
SR188669574,x1,m4605
SR188669932,apj,m4606
SR188670736,x1,m4607
SR188670736,x1,m4608
SR188670869,x1,m4609
SR188671281,x1,m4610
SR188671281,x1,m4611
SR188671624,apj,m4612
SR188671680,apj,m4613
SR188671782,apj,m4614
SR188671800,apj,m4615
SR188671924,apj,m4616
SR188671991,x1,m4617
SR188672269,x1,m4618
SR188672417,apj,m4619
SR188672595,x1,m4620
SR188672676,apj,m4621
SR188672856,apj,m4622
SR188673075,apj,m4623
SR188673300,apj,m4624
SR188673532,x1,m4625
SR188673890,apj,m4626
SR188674164,apj,m4627
SR188674291,apj,m4628
SR188674341,apj,m4629
SR188674439,x1,m4630
SR188674458,x1,m4631
SR188674852,x1,m4632
SR188675021,x1,m4633
SR188675052,apj,m4634
SR188675956,x1,m4635
SR188676258,x1,m4636
SR188676738,x1,m4637
SR188678028,x1,m4638
SR188678081,x1,m4639
SR188678081,x1,m4640
SR188680134,x1,m4641
SR188681078,abu,m4642
SR188681888,x1,m4643
SR188682514,abu,m4644
SR188685803,abu,m4645
SR188685924,abu,m4646
SR188686648,abu,m4647
SR188686935,abu,m4648
SR188687427,abu,m4649
SR188687628,abu,m4650
SR188688730,abu,m4651
SR188688963,abu,m4652
SR188690125,abu,m4653
SR188690524,abu,m4654
SR188690740,abu,m4655
SR188691535,abu,m4656
SR188691692,abu,m4657
SR188692592,abu,m4658
SR188692639,abu,m4659
SR188693122,abu,m4660
SR188693593,abu,m4661
SR188693796,abu,m4662
SR188694313,abu,m4663
SR188694982,abu,m4664
SR188695568,abu,m4665
SR188695698,abu,m4666
SR188696862,abu,m4667
SR188696956,abu,m4668
SR188697366,abu,m4669
SR188697960,abu,m4670
SR188698080,abu,m4671
SR188698387,abu,m4672
SR188698415,abu,m4673
SR188698494,abu,m4674
SR188698749,abu,m4675
SR188699253,abu,m4676
SR188699368,abu,m4677
SR188700203,abu,m4678
SR188701125,abu,m4679
SR188701454,abu,m4680
SR188701706,abu,m4681
SR188702003,abu,m4682
SR188702069,abu,m4683
SR188702283,abu,m4684
SR188702283,abu,m4685
SR188702682,abu,m4686
SR188702853,abu,m4687
SR188703191,abu,m4688
SR188703631,abu,m4689
SR188704027,abu,m4690
SR188704138,abu,m4691
SR188704357,abu,m4692
SR188705823,abu,m4693
SR188706047,abu,m4694
SR188706320,abu,m4695
SR188706537,abu,m4696
SR188706614,abu,m4697
SR188707553,abu,m4698
SR188707582,abu,m4699
SR188707773,abu,m4700
SR188707786,abu,m4701
SR188707786,abu,m4702
SR188707895,abu,m4703
SR188707949,abu,m4704
SR188733438,apj,m4705
SR188733649,x1,m4706
SR188733649,x1,m4707
SR188747470,apj,m4708
SR188750019,apj,m4709
SR188750532,apj,m4710
SR188754521,apj,m4711
SR188755365,x1,m4712
SR188755489,apj,m4713
SR188755518,apj,m4714
SR188755996,x1,m4715
SR188756019,x1,m4716
SR188756134,apj,m4717
SR188757790,x1,m4718
SR188758451,x1,m4719
SR188759821,apj,m4720
SR188762421,x1,m4721
SR188762605,apj,m4722
SR188762681,x1,m4723
SR188763313,x1,m4724
SR188764208,x1,m4725
SR188765714,x1,m4726
SR188766091,apj,m4727
SR188766669,x1,m4728
SR188766697,x1,m4729
SR188768457,x1,m4730
SR188769652,apj,m4731
SR188771272,apj,m4732
SR188771326,x1,m4733
SR188773469,apj,m4734
SR188773789,x1,m4735
SR188774499,x1,m4736
SR188774593,apj,m4737
SR188774698,apj,m4738
SR188774826,apj,m4739
SR188774879,apj,m4740
SR188774970,apj,m4741
SR188775802,apj,m4742
SR188775869,x1,m4743
SR188775980,x1,m4744
SR188775988,apj,m4745
SR188776593,apj,m4746
SR188777215,x1,m4747
SR188777495,apj,m4748
SR188777745,x1,m4749
SR188777788,x1,m4750
SR188780253,x1,m4751
SR188781264,x1,m4752
SR188782120,x1,m4753
SR188784003,x1,m4754
SR188784493,x1,m4755
SR188784860,abu,m4756
SR188784881,x1,m4757
SR188784881,x1,m4758
SR188785477,x1,m4759
SR188785890,abu,m4760
SR188786036,x1,m4761
SR188786192,x1,m4762
SR188786252,abu,m4763
SR188787049,apj,m4764
SR188787278,x1,m4765
SR188787484,x1,m4766
SR188788392,x1,m4767
SR188793028,abu,m4768
SR188795162,abu,m4769
SR188795821,abu,m4770
SR188797816,abu,m4771
SR188797942,abu,m4772
SR188798524,abu,m4773
SR188798759,abu,m4774
SR188799738,abu,m4775
SR188800052,abu,m4776
SR188800383,abu,m4777
SR188801111,abu,m4778
SR188801231,abu,m4779
SR188801343,abu,m4780
SR188802004,x1,m4781
SR188802488,abu,m4782
SR188804413,abu,m4783
SR188805225,abu,m4784
SR188805454,abu,m4785
SR188806121,abu,m4786
SR188806419,abu,m4787
SR188807051,abu,m4788
SR188807407,abu,m4789
SR188807426,abu,m4790
SR188807938,abu,m4791
SR188808426,abu,m4792
SR188808613,abu,m4793
SR188809197,abu,m4794
SR188809593,abu,m4795
SR188809643,abu,m4796
SR188809716,abu,m4797
SR188809927,abu,m4798
SR188810416,abu,m4799
SR188810578,abu,m4800
SR188810759,abu,m4801
SR188811133,abu,m4802
SR188811476,abu,m4803
SR188811669,abu,m4804
SR188812003,abu,m4805
SR188812146,abu,m4806
SR188812298,abu,m4807
SR188812681,abu,m4808
SR188812792,abu,m4809
SR188812802,x1,m4810
SR188813976,abu,m4811
SR188815110,abu,m4812
SR188815597,abu,m4813
SR188815663,abu,m4814
SR188816184,abu,m4815
SR188816681,abu,m4816
SR188816844,abu,m4817
SR188818386,abu,m4818
SR188818523,abu,m4819
SR188818712,abu,m4820
SR188819401,abu,m4821
SR188819441,abu,m4822
SR188819756,abu,m4823
SR188819910,abu,m4824
SR188819927,abu,m4825
SR188819974,abu,m4826
SR188820053,abu,m4827
SR188820088,abu,m4828
SR188820127,abu,m4829
SR188832431,apj,m4830
SR188833124,apj,m4831
SR188835345,apj,m4832
SR188835573,apj,m4833
SR188837186,apj,m4834
SR188837288,x1,m4835
SR188840783,x1,m4836
SR188841192,apj,m4837
SR188842076,apj,m4838
SR188843540,x1,m4839
SR188843643,x1,m4840
SR188845152,x1,m4841
SR188845152,x1,m4842
SR188845152,x1,m4843
SR188845662,x1,m4844
SR188846585,x1,m4845
SR188847581,x1,m4846
SR188849111,x1,m4847
SR188851862,x1,m4848
SR188851962,x1,m4849
SR188853730,x1,m4850
SR188854041,x1,m4851
SR188856466,x1,m4852
SR188857046,x1,m4853
SR188857168,apj,m4854
SR188857191,x1,m4855
SR188857234,apj,m4856
SR188857266,apj,m4857
SR188857440,apj,m4858
SR188857494,apj,m4859
SR188857516,apj,m4860
SR188857682,apj,m4861
SR188858154,x1,m4862
SR188858168,x1,m4863
SR188859009,apj,m4864
SR188859174,apj,m4865
SR188860112,apj,m4866
SR188860225,x1,m4867
SR188860331,apj,m4868
SR188863576,x1,m4869
SR188864493,x1,m4870
SR188864611,x1,m4871
SR188864705,x1,m4872
SR188865984,x1,m4873
SR188866335,x1,m4874
SR188867792,x1,m4875
SR188868040,x1,m4876
SR188868677,x1,m4877
SR188869991,x1,m4878
SR188870262,abu,m4879
SR188871161,x1,m4880
SR188874044,abu,m4881
SR188874109,abu,m4882
SR188875118,abu,m4883
SR188875411,abu,m4884
SR188876844,abu,m4885
SR188877698,abu,m4886
SR188879463,abu,m4887
SR188880607,abu,m4888
SR188880961,abu,m4889
SR188881579,abu,m4890
SR188881636,abu,m4891
SR188881936,abu,m4892
SR188882255,x1,m4893
SR188882565,abu,m4894
SR188882679,abu,m4895
SR188882738,abu,m4896
SR188882815,abu,m4897
SR188884835,abu,m4898
SR188885379,abu,m4899
SR188885379,abu,m4900
SR188885787,abu,m4901
SR188885971,abu,m4902
SR188886998,abu,m4903
SR188887585,abu,m4904
SR188888071,abu,m4905
SR188888264,abu,m4906
SR188888649,abu,m4907
SR188888737,abu,m4908
SR188889580,abu,m4909
SR188890290,abu,m4910
SR188890723,abu,m4911
SR188891132,abu,m4912
SR188891463,abu,m4913
SR188891539,abu,m4914
SR188891602,abu,m4915
SR188891919,abu,m4916
SR188892081,abu,m4917
SR188894075,abu,m4918
SR188894165,abu,m4919
SR188894192,abu,m4920
SR188894425,abu,m4921
SR188894469,abu,m4922
SR188894593,abu,m4923
SR188894759,abu,m4924
SR188896836,abu,m4925
SR188897921,abu,m4926
SR188898062,abu,m4927
SR188898339,abu,m4928
SR188898529,abu,m4929
SR188899675,abu,m4930
SR188899856,abu,m4931
SR188899879,abu,m4932
SR188899903,abu,m4933
SR188901216,abu,m4934
SR188901222,abu,m4935
SR188901514,abu,m4936
SR188901760,abu,m4937
SR188902039,abu,m4938
SR188902350,abu,m4939
SR188902416,abu,m4940
SR188915279,apj,m4941
SR188915605,apj,m4942
SR188917031,apj,m4943
SR188917113,apj,m4944
SR188918210,apj,m4945
SR188918380,apj,m4946
